Workbook
Name acc_tbl: README!$A$20:$A$38
Name acct: Posts!$B$3:$B$6208
Name ai_full: Posts!$V$3:$V$6208
Name ai_st: Posts!$F$3:$F$6208
Name is_ai: Posts!$R$3:$R$6208
Name is_conv: Posts!$S$3:$S$6208
Name n_top: Posts!$T$3:$T$6208
Name T_CRI: Posts!$K$3:$K$6208
Name T_CULT: Posts!$O$3:$O$6208
Name T_DEF: Posts!$P$3:$P$6208
Name T_ECON: Posts!$M$3:$M$6208
Name T_IMM: Posts!$I$3:$I$6208
Name T_ISL: Posts!$J$3:$J$6208
Name T_LAND: Posts!$N$3:$N$6208
Name T_SOV: Posts!$L$3:$L$6208
Name topical: Posts!$U$3:$U$6208

Sheet README
A1: Thesis data workbook
A2: Sheets
A3: README – index, definitions, account table, topic labels
A4: Posts – one row per post (6,206)
A5: Register_AI / Register_Conv – visual register items (287 AI, 486 conventional)
A6: Adoption – AI adoption by account and country
A7: CHES – CHES 2024 placements vs AI adoption
A8: Themes – topic shares
A9: Register – visual register figures
A10: Media Format – video orientation and duration (values)
A11: Please note that branding only is old name for minimal+repetitive, left unchanged due to linking issues
A12: By Account – Appendix B disaggregation by account and robustness checks
... A18: Accounts
A19: account | B19: label | C19: n_posts_corpus | D19: party | E19: n_ai_full_corpus | F19: country_name
A20: AU_onenationoz | B20: One Nation | C20: =COUNTIF(acct,$A20) -> 428 | D20: One Nation | E20: =COUNTIFS(acct,$A20,ai_full,1) -> 0 | F20: Australia
A21: AU_senatorpaulinehanson | B21: Hanson | C21: =COUNTIF(acct,$A21) -> 21 | D21: One Nation | E21: =COUNTIFS(acct,$A21,ai_full,1) -> 0 | F21: Australia
A22: BE_EU_vlaamsbelang | B22: Vlaams Belang | C22: =COUNTIF(acct,$A22) -> 183 | D22: VB | E22: =COUNTIFS(acct,$A22,ai_full,1) -> 3 | F22: Belgium
A23: BE_EU-vangriekentom | B23: Van Grieken | C23: =COUNTIF(acct,$A23) -> 237 | D23: VB | E23: =COUNTIFS(acct,$A23,ai_full,1) -> 0 | F23: Belgium
A24: DE_afd.bund | B24: AfD | C24: =COUNTIF(acct,$A24) -> 185 | D24: AfD | E24: =COUNTIFS(acct,$A24,ai_full,1) -> 56 | F24: Germany
A25: DE_alice.weidel | B25: Weidel | C25: =COUNTIF(acct,$A25) -> 309 | D25: AfD | E25: =COUNTIFS(acct,$A25,ai_full,1) -> 15 | F25: Germany
A26: DK-EU_dansk_folkeparti_1995_ | B26: Dansk Folkeparti | C26: =COUNTIF(acct,$A26) -> 202 | D26: DF | E26: =COUNTIFS(acct,$A26,ai_full,1) -> 5 | F26: Denmark
A27: DK-EU_mrmesserschmidt | B27: Messerschmidt | C27: =COUNTIF(acct,$A27) -> 219 | D27: DF | E27: =COUNTIFS(acct,$A27,ai_full,1) -> 6 | F27: Denmark
A28: ES-EU_vox_es | B28: VOX | C28: =COUNTIF(acct,$A28) -> 722 | D28: VOX | E28: =COUNTIFS(acct,$A28,ai_full,1) -> 37 | F28: Spain
A29: ES-EU_santi_abascal | B29: Abascal | C29: =COUNTIF(acct,$A29) -> 288 | D29: VOX | E29: =COUNTIFS(acct,$A29,ai_full,1) -> 4 | F29: Spain
A30: FR_EU_rassemblementnational_fr | B30: RN | C30: =COUNTIF(acct,$A30) -> 1226 | D30: RN | E30: =COUNTIFS(acct,$A30,ai_full,1) -> 24 | F30: France
A31: FR_EU_jordanbardella | B31: Bardella | C31: =COUNTIF(acct,$A31) -> 114 | D31: RN | E31: =COUNTIFS(acct,$A31,ai_full,1) -> 0 | F31: France
... A38: UK_nigel_farage | B38: Farage | C38: =COUNTIF(acct,$A38) -> 102 | D38: Reform UK | E38: =COUNTIFS(acct,$A38,ai_full,1) -> 0 | F38: UK
A39: Total
A43: Topic layer
A44: code | B44: label
A45: IMM | B45: Immigration
A46: ISL | B46: Islam
A47: CRI | B47: Crime & security
A48: SOV | B48: Sovereignty & identity
A49: ECON | B49: Economy & services
A50: LAND | B50: Land & environment
A51: CULT | B51: Gender & culture
A52: DEF | B52: Defence & foreign

Sheet Posts
A1: Post | F1: AI status and duplicates | I1: Theme codes | Q1: Sample | R1: Flags (formulas)
A2: i | B2: account | C2: country | D2: date | E2: pid | F2: ai_status | G2: ai_seq | H2: dup_of | I2: IMM | J2: ISL | K2: CRI | L2: SOV | M2: ECON | N2: LAND | O2: CULT | P2: DEF | Q2: in_sample | R2: is_ai | S2: is_conv | T2: n_topics | U2: topical | V2: ai_full
A3: 0 | B3: AU_onenationoz | C3: AU | D3: 45670 | E3: 2025-01-13_(1) | F3: conventional | Q3: 0 | R3: =IF(AND(Q3=1,F3="ai_full"),1,0) -> 0 | S3: =IF(AND(Q3=1,F3="conventional"),1,0) -> 0 | T3: =SUM(I3:P3) -> 0 | U3: =IF(T3>=1,1,0) -> 0 | V3: =IF(F3="ai_full",1,0) -> 0
A4: 1 | B4: AU_onenationoz | C4: AU | D4: 45670 | E4: 2025-01-13_(2) | F4: conventional | I4: 0 | J4: 0 | K4: 0 | L4: 1 | M4: 0 | N4: 0 | O4: 0 | P4: 0 | Q4: 1 | R4: =IF(AND(Q4=1,F4="ai_full"),1,0) -> 0 | S4: =IF(AND(Q4=1,F4="conventional"),1,0) -> 1 | T4: =SUM(I4:P4) -> 1 | U4: =IF(T4>=1,1,0) -> 1 | V4: =IF(F4="ai_full",1,0) -> 0
A5: 2 | B5: AU_onenationoz | C5: AU | D5: 45670 | E5: 2025-01-13_(3) | F5: conventional | I5: 0 | J5: 0 | K5: 0 | L5: 1 | M5: 0 | N5: 0 | O5: 0 | P5: 0 | Q5: 1 | R5: =IF(AND(Q5=1,F5="ai_full"),1,0) -> 0 | S5: =IF(AND(Q5=1,F5="conventional"),1,0) -> 1 | T5: =SUM(I5:P5) -> 1 | U5: =IF(T5>=1,1,0) -> 1 | V5: =IF(F5="ai_full",1,0) -> 0
A6: 3 | B6: AU_onenationoz | C6: AU | D6: 45670 | E6: 2025-01-13_(4) | F6: conventional | Q6: 0 | R6: =IF(AND(Q6=1,F6="ai_full"),1,0) -> 0 | S6: =IF(AND(Q6=1,F6="conventional"),1,0) -> 0 | T6: =SUM(I6:P6) -> 0 | U6: =IF(T6>=1,1,0) -> 0 | V6: =IF(F6="ai_full",1,0) -> 0
A7: 4 | B7: AU_onenationoz | C7: AU | D7: 45671 | E7: 2025-01-14_(1) | F7: conventional | I7: 0 | J7: 0 | K7: 0 | L7: 0 | M7: 1 | N7: 1 | O7: 0 | P7: 0 | Q7: 1 | R7: =IF(AND(Q7=1,F7="ai_full"),1,0) -> 0 | S7: =IF(AND(Q7=1,F7="conventional"),1,0) -> 1 | T7: =SUM(I7:P7) -> 2 | U7: =IF(T7>=1,1,0) -> 1 | V7: =IF(F7="ai_full",1,0) -> 0
A8: 5 | B8: AU_onenationoz | C8: AU | D8: 45671 | E8: 2025-01-14_(2) | F8: conventional | I8: 0 | J8: 0 | K8: 0 | L8: 0 | M8: 0 | N8: 0 | O8: 0 | P8: 0 | Q8: 1 | R8: =IF(AND(Q8=1,F8="ai_full"),1,0) -> 0 | S8: =IF(AND(Q8=1,F8="conventional"),1,0) -> 1 | T8: =SUM(I8:P8) -> 0 | U8: =IF(T8>=1,1,0) -> 0 | V8: =IF(F8="ai_full",1,0) -> 0
A9: 6 | B9: AU_onenationoz | C9: AU | D9: 45672 | E9: 2025-01-15_(1) | F9: conventional | I9: 0 | J9: 0 | K9: 0 | L9: 1 | M9: 0 | N9: 0 | O9: 0 | P9: 0 | Q9: 1 | R9: =IF(AND(Q9=1,F9="ai_full"),1,0) -> 0 | S9: =IF(AND(Q9=1,F9="conventional"),1,0) -> 1 | T9: =SUM(I9:P9) -> 1 | U9: =IF(T9>=1,1,0) -> 1 | V9: =IF(F9="ai_full",1,0) -> 0
A10: 7 | B10: AU_onenationoz | C10: AU | D10: 45672 | E10: 2025-01-15_(2) | F10: conventional | I10: 0 | J10: 0 | K10: 0 | L10: 0 | M10: 0 | N10: 0 | O10: 0 | P10: 0 | Q10: 1 | R10: =IF(AND(Q10=1,F10="ai_full"),1,0) -> 0 | S10: =IF(AND(Q10=1,F10="conventional"),1,0) -> 1 | T10: =SUM(I10:P10) -> 0 | U10: =IF(T10>=1,1,0) -> 0 | V10: =IF(F10="ai_full",1,0) -> 0
A11: 8 | B11: AU_onenationoz | C11: AU | D11: 45672 | E11: 2025-01-15_(3) | F11: conventional | I11: 0 | J11: 0 | K11: 0 | L11: 0 | M11: 1 | N11: 0 | O11: 0 | P11: 0 | Q11: 1 | R11: =IF(AND(Q11=1,F11="ai_full"),1,0) -> 0 | S11: =IF(AND(Q11=1,F11="conventional"),1,0) -> 1 | T11: =SUM(I11:P11) -> 1 | U11: =IF(T11>=1,1,0) -> 1 | V11: =IF(F11="ai_full",1,0) -> 0
A12: 9 | B12: AU_onenationoz | C12: AU | D12: 45673 | E12: 2025-01-16_(1) | F12: conventional | I12: 0 | J12: 0 | K12: 0 | L12: 1 | M12: 0 | N12: 0 | O12: 0 | P12: 0 | Q12: 1 | R12: =IF(AND(Q12=1,F12="ai_full"),1,0) -> 0 | S12: =IF(AND(Q12=1,F12="conventional"),1,0) -> 1 | T12: =SUM(I12:P12) -> 1 | U12: =IF(T12>=1,1,0) -> 1 | V12: =IF(F12="ai_full",1,0) -> 0
A13: 10 | B13: AU_onenationoz | C13: AU | D13: 45673 | E13: 2025-01-16_(2) | F13: conventional | Q13: 0 | R13: =IF(AND(Q13=1,F13="ai_full"),1,0) -> 0 | S13: =IF(AND(Q13=1,F13="conventional"),1,0) -> 0 | T13: =SUM(I13:P13) -> 0 | U13: =IF(T13>=1,1,0) -> 0 | V13: =IF(F13="ai_full",1,0) -> 0
A14: 11 | B14: AU_onenationoz | C14: AU | D14: 45673 | E14: 2025-01-16_(3) | F14: conventional | I14: 0 | J14: 0 | K14: 0 | L14: 0 | M14: 0 | N14: 0 | O14: 0 | P14: 0 | Q14: 1 | R14: =IF(AND(Q14=1,F14="ai_full"),1,0) -> 0 | S14: =IF(AND(Q14=1,F14="conventional"),1,0) -> 1 | T14: =SUM(I14:P14) -> 0 | U14: =IF(T14>=1,1,0) -> 0 | V14: =IF(F14="ai_full",1,0) -> 0
A15: 12 | B15: AU_onenationoz | C15: AU | D15: 45673 | E15: 2025-01-16_(4) | F15: conventional | I15: 0 | J15: 0 | K15: 0 | L15: 0 | M15: 0 | N15: 0 | O15: 0 | P15: 0 | Q15: 1 | R15: =IF(AND(Q15=1,F15="ai_full"),1,0) -> 0 | S15: =IF(AND(Q15=1,F15="conventional"),1,0) -> 1 | T15: =SUM(I15:P15) -> 0 | U15: =IF(T15>=1,1,0) -> 0 | V15: =IF(F15="ai_full",1,0) -> 0
A16: 13 | B16: AU_onenationoz | C16: AU | D16: 45674 | E16: 2025-01-17_(1) | F16: conventional | Q16: 0 | R16: =IF(AND(Q16=1,F16="ai_full"),1,0) -> 0 | S16: =IF(AND(Q16=1,F16="conventional"),1,0) -> 0 | T16: =SUM(I16:P16) -> 0 | U16: =IF(T16>=1,1,0) -> 0 | V16: =IF(F16="ai_full",1,0) -> 0
A17: 14 | B17: AU_onenationoz | C17: AU | D17: 45674 | E17: 2025-01-17_(2) | F17: conventional | I17: 0 | J17: 0 | K17: 0 | L17: 0 | M17: 0 | N17: 0 | O17: 0 | P17: 0 | Q17: 1 | R17: =IF(AND(Q17=1,F17="ai_full"),1,0) -> 0 | S17: =IF(AND(Q17=1,F17="conventional"),1,0) -> 1 | T17: =SUM(I17:P17) -> 0 | U17: =IF(T17>=1,1,0) -> 0 | V17: =IF(F17="ai_full",1,0) -> 0
A18: 15 | B18: AU_onenationoz | C18: AU | D18: 45674 | E18: 2025-01-17_(3) | F18: conventional | I18: 0 | J18: 0 | K18: 0 | L18: 0 | M18: 0 | N18: 0 | O18: 0 | P18: 0 | Q18: 1 | R18: =IF(AND(Q18=1,F18="ai_full"),1,0) -> 0 | S18: =IF(AND(Q18=1,F18="conventional"),1,0) -> 1 | T18: =SUM(I18:P18) -> 0 | U18: =IF(T18>=1,1,0) -> 0 | V18: =IF(F18="ai_full",1,0) -> 0
A19: 16 | B19: AU_onenationoz | C19: AU | D19: 45674 | E19: 2025-01-17_(4) | F19: conventional | Q19: 0 | R19: =IF(AND(Q19=1,F19="ai_full"),1,0) -> 0 | S19: =IF(AND(Q19=1,F19="conventional"),1,0) -> 0 | T19: =SUM(I19:P19) -> 0 | U19: =IF(T19>=1,1,0) -> 0 | V19: =IF(F19="ai_full",1,0) -> 0
A20: 17 | B20: AU_onenationoz | C20: AU | D20: 45674 | E20: 2025-01-17_(5) | F20: conventional | Q20: 0 | R20: =IF(AND(Q20=1,F20="ai_full"),1,0) -> 0 | S20: =IF(AND(Q20=1,F20="conventional"),1,0) -> 0 | T20: =SUM(I20:P20) -> 0 | U20: =IF(T20>=1,1,0) -> 0 | V20: =IF(F20="ai_full",1,0) -> 0
A21: 18 | B21: AU_onenationoz | C21: AU | D21: 45674 | E21: 2025-01-17_(6) | F21: conventional | I21: 0 | J21: 0 | K21: 0 | L21: 0 | M21: 1 | N21: 0 | O21: 0 | P21: 0 | Q21: 1 | R21: =IF(AND(Q21=1,F21="ai_full"),1,0) -> 0 | S21: =IF(AND(Q21=1,F21="conventional"),1,0) -> 1 | T21: =SUM(I21:P21) -> 1 | U21: =IF(T21>=1,1,0) -> 1 | V21: =IF(F21="ai_full",1,0) -> 0
A22: 19 | B22: AU_onenationoz | C22: AU | D22: 45674 | E22: 2025-01-17_(7) | F22: conventional | I22: 0 | J22: 0 | K22: 0 | L22: 0 | M22: 1 | N22: 0 | O22: 0 | P22: 0 | Q22: 1 | R22: =IF(AND(Q22=1,F22="ai_full"),1,0) -> 0 | S22: =IF(AND(Q22=1,F22="conventional"),1,0) -> 1 | T22: =SUM(I22:P22) -> 1 | U22: =IF(T22>=1,1,0) -> 1 | V22: =IF(F22="ai_full",1,0) -> 0
A23: 20 | B23: AU_onenationoz | C23: AU | D23: 45675 | E23: 2025-01-18_(1) | F23: conventional | I23: 0 | J23: 0 | K23: 0 | L23: 0 | M23: 0 | N23: 0 | O23: 0 | P23: 0 | Q23: 1 | R23: =IF(AND(Q23=1,F23="ai_full"),1,0) -> 0 | S23: =IF(AND(Q23=1,F23="conventional"),1,0) -> 1 | T23: =SUM(I23:P23) -> 0 | U23: =IF(T23>=1,1,0) -> 0 | V23: =IF(F23="ai_full",1,0) -> 0
A24: 21 | B24: AU_onenationoz | C24: AU | D24: 45675 | E24: 2025-01-18_(2) | F24: conventional | I24: 0 | J24: 0 | K24: 0 | L24: 0 | M24: 0 | N24: 0 | O24: 0 | P24: 0 | Q24: 1 | R24: =IF(AND(Q24=1,F24="ai_full"),1,0) -> 0 | S24: =IF(AND(Q24=1,F24="conventional"),1,0) -> 1 | T24: =SUM(I24:P24) -> 0 | U24: =IF(T24>=1,1,0) -> 0 | V24: =IF(F24="ai_full",1,0) -> 0
A25: 22 | B25: AU_onenationoz | C25: AU | D25: 45677 | E25: 2025-01-20_(1) | F25: conventional | I25: 0 | J25: 0 | K25: 0 | L25: 1 | M25: 0 | N25: 0 | O25: 0 | P25: 0 | Q25: 1 | R25: =IF(AND(Q25=1,F25="ai_full"),1,0) -> 0 | S25: =IF(AND(Q25=1,F25="conventional"),1,0) -> 1 | T25: =SUM(I25:P25) -> 1 | U25: =IF(T25>=1,1,0) -> 1 | V25: =IF(F25="ai_full",1,0) -> 0
A26: 23 | B26: AU_onenationoz | C26: AU | D26: 45677 | E26: 2025-01-20_(2) | F26: conventional | I26: 0 | J26: 0 | K26: 0 | L26: 0 | M26: 1 | N26: 1 | O26: 0 | P26: 0 | Q26: 1 | R26: =IF(AND(Q26=1,F26="ai_full"),1,0) -> 0 | S26: =IF(AND(Q26=1,F26="conventional"),1,0) -> 1 | T26: =SUM(I26:P26) -> 2 | U26: =IF(T26>=1,1,0) -> 1 | V26: =IF(F26="ai_full",1,0) -> 0
A27: 24 | B27: AU_onenationoz | C27: AU | D27: 45677 | E27: 2025-01-20_(3) | F27: conventional | I27: 0 | J27: 0 | K27: 0 | L27: 0 | M27: 0 | N27: 0 | O27: 0 | P27: 0 | Q27: 1 | R27: =IF(AND(Q27=1,F27="ai_full"),1,0) -> 0 | S27: =IF(AND(Q27=1,F27="conventional"),1,0) -> 1 | T27: =SUM(I27:P27) -> 0 | U27: =IF(T27>=1,1,0) -> 0 | V27: =IF(F27="ai_full",1,0) -> 0
A28: 25 | B28: AU_onenationoz | C28: AU | D28: 45678 | E28: 2025-01-21_(1) | F28: conventional | I28: 0 | J28: 0 | K28: 0 | L28: 0 | M28: 0 | N28: 0 | O28: 0 | P28: 0 | Q28: 1 | R28: =IF(AND(Q28=1,F28="ai_full"),1,0) -> 0 | S28: =IF(AND(Q28=1,F28="conventional"),1,0) -> 1 | T28: =SUM(I28:P28) -> 0 | U28: =IF(T28>=1,1,0) -> 0 | V28: =IF(F28="ai_full",1,0) -> 0
A29: 26 | B29: AU_onenationoz | C29: AU | D29: 45678 | E29: 2025-01-21_(2) | F29: conventional | Q29: 0 | R29: =IF(AND(Q29=1,F29="ai_full"),1,0) -> 0 | S29: =IF(AND(Q29=1,F29="conventional"),1,0) -> 0 | T29: =SUM(I29:P29) -> 0 | U29: =IF(T29>=1,1,0) -> 0 | V29: =IF(F29="ai_full",1,0) -> 0
A30: 27 | B30: AU_onenationoz | C30: AU | D30: 45678 | E30: 2025-01-21_(3) | F30: conventional | I30: 1 | J30: 0 | K30: 0 | L30: 0 | M30: 1 | N30: 0 | O30: 1 | P30: 0 | Q30: 1 | R30: =IF(AND(Q30=1,F30="ai_full"),1,0) -> 0 | S30: =IF(AND(Q30=1,F30="conventional"),1,0) -> 1 | T30: =SUM(I30:P30) -> 3 | U30: =IF(T30>=1,1,0) -> 1 | V30: =IF(F30="ai_full",1,0) -> 0
A31: 28 | B31: AU_onenationoz | C31: AU | D31: 45678 | E31: 2025-01-21_(4) | F31: conventional | Q31: 0 | R31: =IF(AND(Q31=1,F31="ai_full"),1,0) -> 0 | S31: =IF(AND(Q31=1,F31="conventional"),1,0) -> 0 | T31: =SUM(I31:P31) -> 0 | U31: =IF(T31>=1,1,0) -> 0 | V31: =IF(F31="ai_full",1,0) -> 0
A32: 29 | B32: AU_onenationoz | C32: AU | D32: 45678 | E32: 2025-01-21_(5) | F32: conventional | I32: 1 | J32: 0 | K32: 0 | L32: 0 | M32: 1 | N32: 0 | O32: 0 | P32: 1 | Q32: 1 | R32: =IF(AND(Q32=1,F32="ai_full"),1,0) -> 0 | S32: =IF(AND(Q32=1,F32="conventional"),1,0) -> 1 | T32: =SUM(I32:P32) -> 3 | U32: =IF(T32>=1,1,0) -> 1 | V32: =IF(F32="ai_full",1,0) -> 0
A33: 30 | B33: AU_onenationoz | C33: AU | D33: 45679 | E33: 2025-01-22_(1) | F33: conventional | Q33: 0 | R33: =IF(AND(Q33=1,F33="ai_full"),1,0) -> 0 | S33: =IF(AND(Q33=1,F33="conventional"),1,0) -> 0 | T33: =SUM(I33:P33) -> 0 | U33: =IF(T33>=1,1,0) -> 0 | V33: =IF(F33="ai_full",1,0) -> 0
A34: 31 | B34: AU_onenationoz | C34: AU | D34: 45679 | E34: 2025-01-22_(2) | F34: conventional | Q34: 0 | R34: =IF(AND(Q34=1,F34="ai_full"),1,0) -> 0 | S34: =IF(AND(Q34=1,F34="conventional"),1,0) -> 0 | T34: =SUM(I34:P34) -> 0 | U34: =IF(T34>=1,1,0) -> 0 | V34: =IF(F34="ai_full",1,0) -> 0
A35: 32 | B35: AU_onenationoz | C35: AU | D35: 45679 | E35: 2025-01-22_(3) | F35: conventional | I35: 0 | J35: 0 | K35: 1 | L35: 0 | M35: 1 | N35: 0 | O35: 0 | P35: 0 | Q35: 1 | R35: =IF(AND(Q35=1,F35="ai_full"),1,0) -> 0 | S35: =IF(AND(Q35=1,F35="conventional"),1,0) -> 1 | T35: =SUM(I35:P35) -> 2 | U35: =IF(T35>=1,1,0) -> 1 | V35: =IF(F35="ai_full",1,0) -> 0
A36: 33 | B36: AU_onenationoz | C36: AU | D36: 45679 | E36: 2025-01-22_(4) | F36: conventional | I36: 0 | J36: 0 | K36: 0 | L36: 0 | M36: 1 | N36: 0 | O36: 0 | P36: 0 | Q36: 1 | R36: =IF(AND(Q36=1,F36="ai_full"),1,0) -> 0 | S36: =IF(AND(Q36=1,F36="conventional"),1,0) -> 1 | T36: =SUM(I36:P36) -> 1 | U36: =IF(T36>=1,1,0) -> 1 | V36: =IF(F36="ai_full",1,0) -> 0
A37: 34 | B37: AU_onenationoz | C37: AU | D37: 45679 | E37: 2025-01-22_(5) | F37: conventional | Q37: 0 | R37: =IF(AND(Q37=1,F37="ai_full"),1,0) -> 0 | S37: =IF(AND(Q37=1,F37="conventional"),1,0) -> 0 | T37: =SUM(I37:P37) -> 0 | U37: =IF(T37>=1,1,0) -> 0 | V37: =IF(F37="ai_full",1,0) -> 0
A38: 35 | B38: AU_onenationoz | C38: AU | D38: 45680 | E38: 2025-01-23_(1) | F38: conventional | I38: 0 | J38: 0 | K38: 1 | L38: 0 | M38: 1 | N38: 0 | O38: 0 | P38: 0 | Q38: 1 | R38: =IF(AND(Q38=1,F38="ai_full"),1,0) -> 0 | S38: =IF(AND(Q38=1,F38="conventional"),1,0) -> 1 | T38: =SUM(I38:P38) -> 2 | U38: =IF(T38>=1,1,0) -> 1 | V38: =IF(F38="ai_full",1,0) -> 0
A39: 36 | B39: AU_onenationoz | C39: AU | D39: 45680 | E39: 2025-01-23_(2) | F39: conventional | I39: 1 | J39: 0 | K39: 0 | L39: 1 | M39: 1 | N39: 1 | O39: 1 | P39: 0 | Q39: 1 | R39: =IF(AND(Q39=1,F39="ai_full"),1,0) -> 0 | S39: =IF(AND(Q39=1,F39="conventional"),1,0) -> 1 | T39: =SUM(I39:P39) -> 5 | U39: =IF(T39>=1,1,0) -> 1 | V39: =IF(F39="ai_full",1,0) -> 0
A40: 37 | B40: AU_onenationoz | C40: AU | D40: 45680 | E40: 2025-01-23_(3) | F40: conventional | Q40: 0 | R40: =IF(AND(Q40=1,F40="ai_full"),1,0) -> 0 | S40: =IF(AND(Q40=1,F40="conventional"),1,0) -> 0 | T40: =SUM(I40:P40) -> 0 | U40: =IF(T40>=1,1,0) -> 0 | V40: =IF(F40="ai_full",1,0) -> 0
A41: 38 | B41: AU_onenationoz | C41: AU | D41: 45680 | E41: 2025-01-23_(4) | F41: conventional | I41: 0 | J41: 0 | K41: 0 | L41: 0 | M41: 1 | N41: 0 | O41: 0 | P41: 0 | Q41: 1 | R41: =IF(AND(Q41=1,F41="ai_full"),1,0) -> 0 | S41: =IF(AND(Q41=1,F41="conventional"),1,0) -> 1 | T41: =SUM(I41:P41) -> 1 | U41: =IF(T41>=1,1,0) -> 1 | V41: =IF(F41="ai_full",1,0) -> 0
A42: 39 | B42: AU_onenationoz | C42: AU | D42: 45681 | E42: 2025-01-24_(1) | F42: conventional | I42: 0 | J42: 0 | K42: 0 | L42: 0 | M42: 0 | N42: 0 | O42: 0 | P42: 0 | Q42: 1 | R42: =IF(AND(Q42=1,F42="ai_full"),1,0) -> 0 | S42: =IF(AND(Q42=1,F42="conventional"),1,0) -> 1 | T42: =SUM(I42:P42) -> 0 | U42: =IF(T42>=1,1,0) -> 0 | V42: =IF(F42="ai_full",1,0) -> 0
A43: 40 | B43: AU_onenationoz | C43: AU | D43: 45681 | E43: 2025-01-24_(2) | F43: conventional | Q43: 0 | R43: =IF(AND(Q43=1,F43="ai_full"),1,0) -> 0 | S43: =IF(AND(Q43=1,F43="conventional"),1,0) -> 0 | T43: =SUM(I43:P43) -> 0 | U43: =IF(T43>=1,1,0) -> 0 | V43: =IF(F43="ai_full",1,0) -> 0
A44: 41 | B44: AU_onenationoz | C44: AU | D44: 45681 | E44: 2025-01-24_(3) | F44: conventional | I44: 0 | J44: 0 | K44: 0 | L44: 0 | M44: 0 | N44: 1 | O44: 0 | P44: 0 | Q44: 1 | R44: =IF(AND(Q44=1,F44="ai_full"),1,0) -> 0 | S44: =IF(AND(Q44=1,F44="conventional"),1,0) -> 1 | T44: =SUM(I44:P44) -> 1 | U44: =IF(T44>=1,1,0) -> 1 | V44: =IF(F44="ai_full",1,0) -> 0
A45: 42 | B45: AU_onenationoz | C45: AU | D45: 45681 | E45: 2025-01-24_(4) | F45: conventional | Q45: 0 | R45: =IF(AND(Q45=1,F45="ai_full"),1,0) -> 0 | S45: =IF(AND(Q45=1,F45="conventional"),1,0) -> 0 | T45: =SUM(I45:P45) -> 0 | U45: =IF(T45>=1,1,0) -> 0 | V45: =IF(F45="ai_full",1,0) -> 0
A46: 43 | B46: AU_onenationoz | C46: AU | D46: 45681 | E46: 2025-01-24_(5) | F46: conventional | I46: 0 | J46: 0 | K46: 0 | L46: 0 | M46: 0 | N46: 0 | O46: 0 | P46: 0 | Q46: 1 | R46: =IF(AND(Q46=1,F46="ai_full"),1,0) -> 0 | S46: =IF(AND(Q46=1,F46="conventional"),1,0) -> 1 | T46: =SUM(I46:P46) -> 0 | U46: =IF(T46>=1,1,0) -> 0 | V46: =IF(F46="ai_full",1,0) -> 0
A47: 44 | B47: AU_onenationoz | C47: AU | D47: 45681 | E47: 2025-01-24_(6) | F47: conventional | Q47: 0 | R47: =IF(AND(Q47=1,F47="ai_full"),1,0) -> 0 | S47: =IF(AND(Q47=1,F47="conventional"),1,0) -> 0 | T47: =SUM(I47:P47) -> 0 | U47: =IF(T47>=1,1,0) -> 0 | V47: =IF(F47="ai_full",1,0) -> 0
A48: 45 | B48: AU_onenationoz | C48: AU | D48: 45683 | E48: 2025-01-26_(1) | F48: conventional | I48: 0 | J48: 0 | K48: 0 | L48: 1 | M48: 0 | N48: 0 | O48: 0 | P48: 0 | Q48: 1 | R48: =IF(AND(Q48=1,F48="ai_full"),1,0) -> 0 | S48: =IF(AND(Q48=1,F48="conventional"),1,0) -> 1 | T48: =SUM(I48:P48) -> 1 | U48: =IF(T48>=1,1,0) -> 1 | V48: =IF(F48="ai_full",1,0) -> 0
A49: 46 | B49: AU_onenationoz | C49: AU | D49: 45683 | E49: 2025-01-26_(2) | F49: conventional | I49: 0 | J49: 0 | K49: 0 | L49: 0 | M49: 1 | N49: 0 | O49: 1 | P49: 0 | Q49: 1 | R49: =IF(AND(Q49=1,F49="ai_full"),1,0) -> 0 | S49: =IF(AND(Q49=1,F49="conventional"),1,0) -> 1 | T49: =SUM(I49:P49) -> 2 | U49: =IF(T49>=1,1,0) -> 1 | V49: =IF(F49="ai_full",1,0) -> 0
A50: 47 | B50: AU_onenationoz | C50: AU | D50: 45683 | E50: 2025-01-26_(3) | F50: conventional | I50: 0 | J50: 0 | K50: 0 | L50: 0 | M50: 1 | N50: 0 | O50: 0 | P50: 0 | Q50: 1 | R50: =IF(AND(Q50=1,F50="ai_full"),1,0) -> 0 | S50: =IF(AND(Q50=1,F50="conventional"),1,0) -> 1 | T50: =SUM(I50:P50) -> 1 | U50: =IF(T50>=1,1,0) -> 1 | V50: =IF(F50="ai_full",1,0) -> 0
A51: 48 | B51: AU_onenationoz | C51: AU | D51: 45684 | E51: 2025-01-27 | F51: conventional | I51: 0 | J51: 0 | K51: 0 | L51: 0 | M51: 1 | N51: 0 | O51: 0 | P51: 0 | Q51: 1 | R51: =IF(AND(Q51=1,F51="ai_full"),1,0) -> 0 | S51: =IF(AND(Q51=1,F51="conventional"),1,0) -> 1 | T51: =SUM(I51:P51) -> 1 | U51: =IF(T51>=1,1,0) -> 1 | V51: =IF(F51="ai_full",1,0) -> 0
A52: 49 | B52: AU_onenationoz | C52: AU | D52: 45685 | E52: 2025-01-28_(1) | F52: conventional | I52: 0 | J52: 0 | K52: 0 | L52: 0 | M52: 1 | N52: 0 | O52: 0 | P52: 0 | Q52: 1 | R52: =IF(AND(Q52=1,F52="ai_full"),1,0) -> 0 | S52: =IF(AND(Q52=1,F52="conventional"),1,0) -> 1 | T52: =SUM(I52:P52) -> 1 | U52: =IF(T52>=1,1,0) -> 1 | V52: =IF(F52="ai_full",1,0) -> 0
A53: 50 | B53: AU_onenationoz | C53: AU | D53: 45685 | E53: 2025-01-28_(2) | F53: conventional | I53: 0 | J53: 0 | K53: 0 | L53: 0 | M53: 1 | N53: 0 | O53: 0 | P53: 0 | Q53: 1 | R53: =IF(AND(Q53=1,F53="ai_full"),1,0) -> 0 | S53: =IF(AND(Q53=1,F53="conventional"),1,0) -> 1 | T53: =SUM(I53:P53) -> 1 | U53: =IF(T53>=1,1,0) -> 1 | V53: =IF(F53="ai_full",1,0) -> 0
A54: 51 | B54: AU_onenationoz | C54: AU | D54: 45685 | E54: 2025-01-28_(3) | F54: conventional | Q54: 0 | R54: =IF(AND(Q54=1,F54="ai_full"),1,0) -> 0 | S54: =IF(AND(Q54=1,F54="conventional"),1,0) -> 0 | T54: =SUM(I54:P54) -> 0 | U54: =IF(T54>=1,1,0) -> 0 | V54: =IF(F54="ai_full",1,0) -> 0
A55: 52 | B55: AU_onenationoz | C55: AU | D55: 45685 | E55: 2025-01-28_(4) | F55: conventional | Q55: 0 | R55: =IF(AND(Q55=1,F55="ai_full"),1,0) -> 0 | S55: =IF(AND(Q55=1,F55="conventional"),1,0) -> 0 | T55: =SUM(I55:P55) -> 0 | U55: =IF(T55>=1,1,0) -> 0 | V55: =IF(F55="ai_full",1,0) -> 0
A56: 53 | B56: AU_onenationoz | C56: AU | D56: 45685 | E56: 2025-01-28_(5) | F56: conventional | I56: 0 | J56: 0 | K56: 0 | L56: 0 | M56: 1 | N56: 0 | O56: 0 | P56: 0 | Q56: 1 | R56: =IF(AND(Q56=1,F56="ai_full"),1,0) -> 0 | S56: =IF(AND(Q56=1,F56="conventional"),1,0) -> 1 | T56: =SUM(I56:P56) -> 1 | U56: =IF(T56>=1,1,0) -> 1 | V56: =IF(F56="ai_full",1,0) -> 0
A57: 54 | B57: AU_onenationoz | C57: AU | D57: 45685 | E57: 2025-01-28_(6) | F57: conventional | I57: 0 | J57: 0 | K57: 0 | L57: 0 | M57: 1 | N57: 0 | O57: 0 | P57: 0 | Q57: 1 | R57: =IF(AND(Q57=1,F57="ai_full"),1,0) -> 0 | S57: =IF(AND(Q57=1,F57="conventional"),1,0) -> 1 | T57: =SUM(I57:P57) -> 1 | U57: =IF(T57>=1,1,0) -> 1 | V57: =IF(F57="ai_full",1,0) -> 0
A58: 55 | B58: AU_onenationoz | C58: AU | D58: 45686 | E58: 2025-01-29_(1) | F58: conventional | Q58: 0 | R58: =IF(AND(Q58=1,F58="ai_full"),1,0) -> 0 | S58: =IF(AND(Q58=1,F58="conventional"),1,0) -> 0 | T58: =SUM(I58:P58) -> 0 | U58: =IF(T58>=1,1,0) -> 0 | V58: =IF(F58="ai_full",1,0) -> 0
A59: 56 | B59: AU_onenationoz | C59: AU | D59: 45686 | E59: 2025-01-29_(2) | F59: conventional | I59: 0 | J59: 0 | K59: 0 | L59: 0 | M59: 1 | N59: 1 | O59: 0 | P59: 0 | Q59: 1 | R59: =IF(AND(Q59=1,F59="ai_full"),1,0) -> 0 | S59: =IF(AND(Q59=1,F59="conventional"),1,0) -> 1 | T59: =SUM(I59:P59) -> 2 | U59: =IF(T59>=1,1,0) -> 1 | V59: =IF(F59="ai_full",1,0) -> 0
A60: 57 | B60: AU_onenationoz | C60: AU | D60: 45686 | E60: 2025-01-29_(3) | F60: conventional | I60: 0 | J60: 0 | K60: 0 | L60: 0 | M60: 1 | N60: 0 | O60: 0 | P60: 0 | Q60: 1 | R60: =IF(AND(Q60=1,F60="ai_full"),1,0) -> 0 | S60: =IF(AND(Q60=1,F60="conventional"),1,0) -> 1 | T60: =SUM(I60:P60) -> 1 | U60: =IF(T60>=1,1,0) -> 1 | V60: =IF(F60="ai_full",1,0) -> 0
A61: 58 | B61: AU_onenationoz | C61: AU | D61: 45686 | E61: 2025-01-29_(4) | F61: conventional | I61: 0 | J61: 0 | K61: 0 | L61: 0 | M61: 1 | N61: 0 | O61: 1 | P61: 0 | Q61: 1 | R61: =IF(AND(Q61=1,F61="ai_full"),1,0) -> 0 | S61: =IF(AND(Q61=1,F61="conventional"),1,0) -> 1 | T61: =SUM(I61:P61) -> 2 | U61: =IF(T61>=1,1,0) -> 1 | V61: =IF(F61="ai_full",1,0) -> 0
A62: 59 | B62: AU_onenationoz | C62: AU | D62: 45686 | E62: 2025-01-29_(5) | F62: conventional | I62: 0 | J62: 0 | K62: 0 | L62: 0 | M62: 0 | N62: 0 | O62: 1 | P62: 0 | Q62: 1 | R62: =IF(AND(Q62=1,F62="ai_full"),1,0) -> 0 | S62: =IF(AND(Q62=1,F62="conventional"),1,0) -> 1 | T62: =SUM(I62:P62) -> 1 | U62: =IF(T62>=1,1,0) -> 1 | V62: =IF(F62="ai_full",1,0) -> 0
A63: 60 | B63: AU_onenationoz | C63: AU | D63: 45686 | E63: 2025-01-29_(6) | F63: conventional | I63: 0 | J63: 0 | K63: 0 | L63: 0 | M63: 1 | N63: 0 | O63: 0 | P63: 0 | Q63: 1 | R63: =IF(AND(Q63=1,F63="ai_full"),1,0) -> 0 | S63: =IF(AND(Q63=1,F63="conventional"),1,0) -> 1 | T63: =SUM(I63:P63) -> 1 | U63: =IF(T63>=1,1,0) -> 1 | V63: =IF(F63="ai_full",1,0) -> 0
A64: 61 | B64: AU_onenationoz | C64: AU | D64: 45686 | E64: 2025-01-29_(7) | F64: conventional | I64: 0 | J64: 0 | K64: 0 | L64: 1 | M64: 1 | N64: 0 | O64: 0 | P64: 0 | Q64: 1 | R64: =IF(AND(Q64=1,F64="ai_full"),1,0) -> 0 | S64: =IF(AND(Q64=1,F64="conventional"),1,0) -> 1 | T64: =SUM(I64:P64) -> 2 | U64: =IF(T64>=1,1,0) -> 1 | V64: =IF(F64="ai_full",1,0) -> 0
A65: 62 | B65: AU_onenationoz | C65: AU | D65: 45686 | E65: 2025-01-29_(8) | F65: conventional | I65: 0 | J65: 0 | K65: 0 | L65: 0 | M65: 0 | N65: 0 | O65: 1 | P65: 0 | Q65: 1 | R65: =IF(AND(Q65=1,F65="ai_full"),1,0) -> 0 | S65: =IF(AND(Q65=1,F65="conventional"),1,0) -> 1 | T65: =SUM(I65:P65) -> 1 | U65: =IF(T65>=1,1,0) -> 1 | V65: =IF(F65="ai_full",1,0) -> 0
A66: 63 | B66: AU_onenationoz | C66: AU | D66: 45687 | E66: 2025-01-30_(1) | F66: conventional | I66: 1 | J66: 0 | K66: 1 | L66: 0 | M66: 1 | N66: 0 | O66: 0 | P66: 0 | Q66: 1 | R66: =IF(AND(Q66=1,F66="ai_full"),1,0) -> 0 | S66: =IF(AND(Q66=1,F66="conventional"),1,0) -> 1 | T66: =SUM(I66:P66) -> 3 | U66: =IF(T66>=1,1,0) -> 1 | V66: =IF(F66="ai_full",1,0) -> 0
A67: 64 | B67: AU_onenationoz | C67: AU | D67: 45687 | E67: 2025-01-30_(2) | F67: conventional | I67: 0 | J67: 0 | K67: 0 | L67: 0 | M67: 1 | N67: 0 | O67: 0 | P67: 0 | Q67: 1 | R67: =IF(AND(Q67=1,F67="ai_full"),1,0) -> 0 | S67: =IF(AND(Q67=1,F67="conventional"),1,0) -> 1 | T67: =SUM(I67:P67) -> 1 | U67: =IF(T67>=1,1,0) -> 1 | V67: =IF(F67="ai_full",1,0) -> 0
A68: 65 | B68: AU_onenationoz | C68: AU | D68: 45687 | E68: 2025-01-30_(3) | F68: conventional | I68: 0 | J68: 0 | K68: 0 | L68: 0 | M68: 1 | N68: 0 | O68: 0 | P68: 0 | Q68: 1 | R68: =IF(AND(Q68=1,F68="ai_full"),1,0) -> 0 | S68: =IF(AND(Q68=1,F68="conventional"),1,0) -> 1 | T68: =SUM(I68:P68) -> 1 | U68: =IF(T68>=1,1,0) -> 1 | V68: =IF(F68="ai_full",1,0) -> 0
A69: 66 | B69: AU_onenationoz | C69: AU | D69: 45687 | E69: 2025-01-30_(4) | F69: conventional | I69: 0 | J69: 0 | K69: 0 | L69: 0 | M69: 1 | N69: 0 | O69: 0 | P69: 0 | Q69: 1 | R69: =IF(AND(Q69=1,F69="ai_full"),1,0) -> 0 | S69: =IF(AND(Q69=1,F69="conventional"),1,0) -> 1 | T69: =SUM(I69:P69) -> 1 | U69: =IF(T69>=1,1,0) -> 1 | V69: =IF(F69="ai_full",1,0) -> 0
A70: 67 | B70: AU_onenationoz | C70: AU | D70: 45688 | E70: 2025-01-31_(1) | F70: conventional | I70: 1 | J70: 0 | K70: 0 | L70: 0 | M70: 1 | N70: 0 | O70: 0 | P70: 0 | Q70: 1 | R70: =IF(AND(Q70=1,F70="ai_full"),1,0) -> 0 | S70: =IF(AND(Q70=1,F70="conventional"),1,0) -> 1 | T70: =SUM(I70:P70) -> 2 | U70: =IF(T70>=1,1,0) -> 1 | V70: =IF(F70="ai_full",1,0) -> 0
A71: 68 | B71: AU_onenationoz | C71: AU | D71: 45688 | E71: 2025-01-31_(2) | F71: conventional | Q71: 0 | R71: =IF(AND(Q71=1,F71="ai_full"),1,0) -> 0 | S71: =IF(AND(Q71=1,F71="conventional"),1,0) -> 0 | T71: =SUM(I71:P71) -> 0 | U71: =IF(T71>=1,1,0) -> 0 | V71: =IF(F71="ai_full",1,0) -> 0
A72: 69 | B72: AU_onenationoz | C72: AU | D72: 45688 | E72: 2025-01-31_(3) | F72: conventional | Q72: 0 | R72: =IF(AND(Q72=1,F72="ai_full"),1,0) -> 0 | S72: =IF(AND(Q72=1,F72="conventional"),1,0) -> 0 | T72: =SUM(I72:P72) -> 0 | U72: =IF(T72>=1,1,0) -> 0 | V72: =IF(F72="ai_full",1,0) -> 0
A73: 70 | B73: AU_onenationoz | C73: AU | D73: 45688 | E73: 2025-01-31_(4) | F73: conventional | I73: 0 | J73: 0 | K73: 0 | L73: 1 | M73: 1 | N73: 0 | O73: 0 | P73: 0 | Q73: 1 | R73: =IF(AND(Q73=1,F73="ai_full"),1,0) -> 0 | S73: =IF(AND(Q73=1,F73="conventional"),1,0) -> 1 | T73: =SUM(I73:P73) -> 2 | U73: =IF(T73>=1,1,0) -> 1 | V73: =IF(F73="ai_full",1,0) -> 0
A74: 71 | B74: AU_onenationoz | C74: AU | D74: 45688 | E74: 2025-01-31_(5) | F74: conventional | Q74: 0 | R74: =IF(AND(Q74=1,F74="ai_full"),1,0) -> 0 | S74: =IF(AND(Q74=1,F74="conventional"),1,0) -> 0 | T74: =SUM(I74:P74) -> 0 | U74: =IF(T74>=1,1,0) -> 0 | V74: =IF(F74="ai_full",1,0) -> 0
A75: 72 | B75: AU_onenationoz | C75: AU | D75: 45688 | E75: 2025-01-31_(6) | F75: conventional | H75: 26.0 | I75: 0 | J75: 0 | K75: 0 | L75: 0 | M75: 0 | N75: 0 | O75: 0 | P75: 0 | Q75: 1 | R75: =IF(AND(Q75=1,F75="ai_full"),1,0) -> 0 | S75: =IF(AND(Q75=1,F75="conventional"),1,0) -> 1 | T75: =SUM(I75:P75) -> 0 | U75: =IF(T75>=1,1,0) -> 0 | V75: =IF(F75="ai_full",1,0) -> 0
A76: 73 | B76: AU_onenationoz | C76: AU | D76: 45688 | E76: 2025-01-31_(7) | F76: conventional | I76: 0 | J76: 0 | K76: 0 | L76: 0 | M76: 0 | N76: 0 | O76: 1 | P76: 0 | Q76: 1 | R76: =IF(AND(Q76=1,F76="ai_full"),1,0) -> 0 | S76: =IF(AND(Q76=1,F76="conventional"),1,0) -> 1 | T76: =SUM(I76:P76) -> 1 | U76: =IF(T76>=1,1,0) -> 1 | V76: =IF(F76="ai_full",1,0) -> 0
A77: 74 | B77: AU_onenationoz | C77: AU | D77: 45688 | E77: 2025-01-31_(8) | F77: conventional | Q77: 0 | R77: =IF(AND(Q77=1,F77="ai_full"),1,0) -> 0 | S77: =IF(AND(Q77=1,F77="conventional"),1,0) -> 0 | T77: =SUM(I77:P77) -> 0 | U77: =IF(T77>=1,1,0) -> 0 | V77: =IF(F77="ai_full",1,0) -> 0
A78: 75 | B78: AU_onenationoz | C78: AU | D78: 45688 | E78: 2025-01-31_(9) | F78: conventional | Q78: 0 | R78: =IF(AND(Q78=1,F78="ai_full"),1,0) -> 0 | S78: =IF(AND(Q78=1,F78="conventional"),1,0) -> 0 | T78: =SUM(I78:P78) -> 0 | U78: =IF(T78>=1,1,0) -> 0 | V78: =IF(F78="ai_full",1,0) -> 0
A79: 76 | B79: AU_onenationoz | C79: AU | D79: 45689 | E79: 2025-02-01 | F79: conventional | I79: 0 | J79: 0 | K79: 0 | L79: 1 | M79: 0 | N79: 1 | O79: 0 | P79: 0 | Q79: 1 | R79: =IF(AND(Q79=1,F79="ai_full"),1,0) -> 0 | S79: =IF(AND(Q79=1,F79="conventional"),1,0) -> 1 | T79: =SUM(I79:P79) -> 2 | U79: =IF(T79>=1,1,0) -> 1 | V79: =IF(F79="ai_full",1,0) -> 0
A80: 77 | B80: AU_onenationoz | C80: AU | D80: 45691 | E80: 2025-02-03_(1) | F80: conventional | I80: 0 | J80: 0 | K80: 0 | L80: 0 | M80: 0 | N80: 0 | O80: 1 | P80: 0 | Q80: 1 | R80: =IF(AND(Q80=1,F80="ai_full"),1,0) -> 0 | S80: =IF(AND(Q80=1,F80="conventional"),1,0) -> 1 | T80: =SUM(I80:P80) -> 1 | U80: =IF(T80>=1,1,0) -> 1 | V80: =IF(F80="ai_full",1,0) -> 0
A81: 78 | B81: AU_onenationoz | C81: AU | D81: 45691 | E81: 2025-02-03_(2) | F81: conventional | I81: 0 | J81: 0 | K81: 0 | L81: 0 | M81: 1 | N81: 0 | O81: 0 | P81: 0 | Q81: 1 | R81: =IF(AND(Q81=1,F81="ai_full"),1,0) -> 0 | S81: =IF(AND(Q81=1,F81="conventional"),1,0) -> 1 | T81: =SUM(I81:P81) -> 1 | U81: =IF(T81>=1,1,0) -> 1 | V81: =IF(F81="ai_full",1,0) -> 0
A82: 79 | B82: AU_onenationoz | C82: AU | D82: 45692 | E82: 2025-02-04_(1) | F82: conventional | I82: 0 | J82: 0 | K82: 0 | L82: 1 | M82: 1 | N82: 1 | O82: 1 | P82: 0 | Q82: 1 | R82: =IF(AND(Q82=1,F82="ai_full"),1,0) -> 0 | S82: =IF(AND(Q82=1,F82="conventional"),1,0) -> 1 | T82: =SUM(I82:P82) -> 4 | U82: =IF(T82>=1,1,0) -> 1 | V82: =IF(F82="ai_full",1,0) -> 0
A83: 80 | B83: AU_onenationoz | C83: AU | D83: 45692 | E83: 2025-02-04_(2) | F83: conventional | Q83: 0 | R83: =IF(AND(Q83=1,F83="ai_full"),1,0) -> 0 | S83: =IF(AND(Q83=1,F83="conventional"),1,0) -> 0 | T83: =SUM(I83:P83) -> 0 | U83: =IF(T83>=1,1,0) -> 0 | V83: =IF(F83="ai_full",1,0) -> 0
A84: 81 | B84: AU_onenationoz | C84: AU | D84: 45692 | E84: 2025-02-04_(3) | F84: conventional | Q84: 0 | R84: =IF(AND(Q84=1,F84="ai_full"),1,0) -> 0 | S84: =IF(AND(Q84=1,F84="conventional"),1,0) -> 0 | T84: =SUM(I84:P84) -> 0 | U84: =IF(T84>=1,1,0) -> 0 | V84: =IF(F84="ai_full",1,0) -> 0
A85: 82 | B85: AU_onenationoz | C85: AU | D85: 45692 | E85: 2025-02-04_(4) | F85: conventional | Q85: 0 | R85: =IF(AND(Q85=1,F85="ai_full"),1,0) -> 0 | S85: =IF(AND(Q85=1,F85="conventional"),1,0) -> 0 | T85: =SUM(I85:P85) -> 0 | U85: =IF(T85>=1,1,0) -> 0 | V85: =IF(F85="ai_full",1,0) -> 0
A86: 83 | B86: AU_onenationoz | C86: AU | D86: 45692 | E86: 2025-02-04_(5) | F86: conventional | Q86: 0 | R86: =IF(AND(Q86=1,F86="ai_full"),1,0) -> 0 | S86: =IF(AND(Q86=1,F86="conventional"),1,0) -> 0 | T86: =SUM(I86:P86) -> 0 | U86: =IF(T86>=1,1,0) -> 0 | V86: =IF(F86="ai_full",1,0) -> 0
A87: 84 | B87: AU_onenationoz | C87: AU | D87: 45692 | E87: 2025-02-04_(6) | F87: conventional | I87: 1 | J87: 0 | K87: 0 | L87: 0 | M87: 1 | N87: 0 | O87: 1 | P87: 0 | Q87: 1 | R87: =IF(AND(Q87=1,F87="ai_full"),1,0) -> 0 | S87: =IF(AND(Q87=1,F87="conventional"),1,0) -> 1 | T87: =SUM(I87:P87) -> 3 | U87: =IF(T87>=1,1,0) -> 1 | V87: =IF(F87="ai_full",1,0) -> 0
A88: 85 | B88: AU_onenationoz | C88: AU | D88: 45693 | E88: 2025-02-05_(1) | F88: conventional | I88: 0 | J88: 0 | K88: 1 | L88: 0 | M88: 1 | N88: 0 | O88: 0 | P88: 0 | Q88: 1 | R88: =IF(AND(Q88=1,F88="ai_full"),1,0) -> 0 | S88: =IF(AND(Q88=1,F88="conventional"),1,0) -> 1 | T88: =SUM(I88:P88) -> 2 | U88: =IF(T88>=1,1,0) -> 1 | V88: =IF(F88="ai_full",1,0) -> 0
A89: 86 | B89: AU_onenationoz | C89: AU | D89: 45693 | E89: 2025-02-05_(2) | F89: conventional | Q89: 0 | R89: =IF(AND(Q89=1,F89="ai_full"),1,0) -> 0 | S89: =IF(AND(Q89=1,F89="conventional"),1,0) -> 0 | T89: =SUM(I89:P89) -> 0 | U89: =IF(T89>=1,1,0) -> 0 | V89: =IF(F89="ai_full",1,0) -> 0
A90: 87 | B90: AU_onenationoz | C90: AU | D90: 45694 | E90: 2025-02-06_(1) | F90: conventional | I90: 0 | J90: 0 | K90: 0 | L90: 0 | M90: 1 | N90: 0 | O90: 0 | P90: 0 | Q90: 1 | R90: =IF(AND(Q90=1,F90="ai_full"),1,0) -> 0 | S90: =IF(AND(Q90=1,F90="conventional"),1,0) -> 1 | T90: =SUM(I90:P90) -> 1 | U90: =IF(T90>=1,1,0) -> 1 | V90: =IF(F90="ai_full",1,0) -> 0
A91: 88 | B91: AU_onenationoz | C91: AU | D91: 45694 | E91: 2025-02-06_(10) | F91: conventional | I91: 0 | J91: 0 | K91: 0 | L91: 1 | M91: 1 | N91: 1 | O91: 0 | P91: 0 | Q91: 1 | R91: =IF(AND(Q91=1,F91="ai_full"),1,0) -> 0 | S91: =IF(AND(Q91=1,F91="conventional"),1,0) -> 1 | T91: =SUM(I91:P91) -> 3 | U91: =IF(T91>=1,1,0) -> 1 | V91: =IF(F91="ai_full",1,0) -> 0
A92: 89 | B92: AU_onenationoz | C92: AU | D92: 45694 | E92: 2025-02-06_(11) | F92: conventional | I92: 0 | J92: 0 | K92: 0 | L92: 0 | M92: 1 | N92: 0 | O92: 0 | P92: 0 | Q92: 1 | R92: =IF(AND(Q92=1,F92="ai_full"),1,0) -> 0 | S92: =IF(AND(Q92=1,F92="conventional"),1,0) -> 1 | T92: =SUM(I92:P92) -> 1 | U92: =IF(T92>=1,1,0) -> 1 | V92: =IF(F92="ai_full",1,0) -> 0
A93: 90 | B93: AU_onenationoz | C93: AU | D93: 45694 | E93: 2025-02-06_(12) | F93: conventional | I93: 0 | J93: 0 | K93: 0 | L93: 0 | M93: 1 | N93: 0 | O93: 0 | P93: 0 | Q93: 1 | R93: =IF(AND(Q93=1,F93="ai_full"),1,0) -> 0 | S93: =IF(AND(Q93=1,F93="conventional"),1,0) -> 1 | T93: =SUM(I93:P93) -> 1 | U93: =IF(T93>=1,1,0) -> 1 | V93: =IF(F93="ai_full",1,0) -> 0
A94: 91 | B94: AU_onenationoz | C94: AU | D94: 45694 | E94: 2025-02-06_(13) | F94: conventional | Q94: 0 | R94: =IF(AND(Q94=1,F94="ai_full"),1,0) -> 0 | S94: =IF(AND(Q94=1,F94="conventional"),1,0) -> 0 | T94: =SUM(I94:P94) -> 0 | U94: =IF(T94>=1,1,0) -> 0 | V94: =IF(F94="ai_full",1,0) -> 0
A95: 92 | B95: AU_onenationoz | C95: AU | D95: 45694 | E95: 2025-02-06_(14) | F95: conventional | Q95: 0 | R95: =IF(AND(Q95=1,F95="ai_full"),1,0) -> 0 | S95: =IF(AND(Q95=1,F95="conventional"),1,0) -> 0 | T95: =SUM(I95:P95) -> 0 | U95: =IF(T95>=1,1,0) -> 0 | V95: =IF(F95="ai_full",1,0) -> 0
A96: 93 | B96: AU_onenationoz | C96: AU | D96: 45694 | E96: 2025-02-06_(15) | F96: conventional | I96: 0 | J96: 0 | K96: 0 | L96: 0 | M96: 1 | N96: 1 | O96: 0 | P96: 0 | Q96: 1 | R96: =IF(AND(Q96=1,F96="ai_full"),1,0) -> 0 | S96: =IF(AND(Q96=1,F96="conventional"),1,0) -> 1 | T96: =SUM(I96:P96) -> 2 | U96: =IF(T96>=1,1,0) -> 1 | V96: =IF(F96="ai_full",1,0) -> 0
A97: 94 | B97: AU_onenationoz | C97: AU | D97: 45694 | E97: 2025-02-06_(16) | F97: conventional | I97: 0 | J97: 0 | K97: 0 | L97: 0 | M97: 1 | N97: 1 | O97: 0 | P97: 0 | Q97: 1 | R97: =IF(AND(Q97=1,F97="ai_full"),1,0) -> 0 | S97: =IF(AND(Q97=1,F97="conventional"),1,0) -> 1 | T97: =SUM(I97:P97) -> 2 | U97: =IF(T97>=1,1,0) -> 1 | V97: =IF(F97="ai_full",1,0) -> 0
A98: 95 | B98: AU_onenationoz | C98: AU | D98: 45694 | E98: 2025-02-06_(2) | F98: conventional | I98: 0 | J98: 0 | K98: 0 | L98: 0 | M98: 1 | N98: 0 | O98: 0 | P98: 0 | Q98: 1 | R98: =IF(AND(Q98=1,F98="ai_full"),1,0) -> 0 | S98: =IF(AND(Q98=1,F98="conventional"),1,0) -> 1 | T98: =SUM(I98:P98) -> 1 | U98: =IF(T98>=1,1,0) -> 1 | V98: =IF(F98="ai_full",1,0) -> 0
A99: 96 | B99: AU_onenationoz | C99: AU | D99: 45694 | E99: 2025-02-06_(3) | F99: conventional | I99: 0 | J99: 0 | K99: 0 | L99: 0 | M99: 1 | N99: 0 | O99: 0 | P99: 0 | Q99: 1 | R99: =IF(AND(Q99=1,F99="ai_full"),1,0) -> 0 | S99: =IF(AND(Q99=1,F99="conventional"),1,0) -> 1 | T99: =SUM(I99:P99) -> 1 | U99: =IF(T99>=1,1,0) -> 1 | V99: =IF(F99="ai_full",1,0) -> 0
A100: 97 | B100: AU_onenationoz | C100: AU | D100: 45694 | E100: 2025-02-06_(4) | F100: conventional | I100: 0 | J100: 0 | K100: 1 | L100: 0 | M100: 1 | N100: 0 | O100: 0 | P100: 0 | Q100: 1 | R100: =IF(AND(Q100=1,F100="ai_full"),1,0) -> 0 | S100: =IF(AND(Q100=1,F100="conventional"),1,0) -> 1 | T100: =SUM(I100:P100) -> 2 | U100: =IF(T100>=1,1,0) -> 1 | V100: =IF(F100="ai_full",1,0) -> 0
...

Sheet Themes
A1: T1 – Topic shares: AI (full visuals) vs conventional posts, whole corpus
A2: Share = posts with the topic / sampled posts of that status; a post can carry several topics. Chi-square: Pearson 1 df, no continuity correction; flagged where an expected cell < 5.
A4: N AI | B4: =SUMPRODUCT(is_ai) -> 217
A5: N conv | B5: =SUMPRODUCT(is_conv) -> 3742 | P5: Standardised = conventional share weighted to the AI side's account mix (within-party gap); pooled F/G for reference.
A7: code | B7: label | C7: n AI | D7: n conv | E7: share AI | F7: share conv | G7: diff (pp) | H7: ratio AI/conv | I7: χ² | J7: p | K7: min expected | L7: small-cell flag | M7: sort key | N7: rank | P7: share conv, standardised to AI account mix | Q7: diff standardised (pp)
A8: IMM | B8: =README!$B$45 -> Immigration | C8: =SUMPRODUCT(is_ai,T_IMM) -> 79 | D8: =SUMPRODUCT(is_conv,T_IMM) -> 832 | E8: =IF($B$4>0,C8/$B$4,0) -> 0.3640553 | F8: =IF($B$5>0,D8/$B$5,0) -> 0.22234099 | G8: =(E8-F8)*100 -> 14.171431 | H8: =IF(F8>0,E8/F8,"") -> 1.6373737 | I8: =IFERROR(($B$4+$B$5)*(C8*($B$5-D8)-($B$4-C8)*D8)^2/($B$4*$B$5*(C8+D8)*(($B$4-C8)+($B$5-D8))),"") -> 23.251076 | J8: =IF(I8="","",_xlfn.CHISQ.DIST.RT(I8,1)) -> 1.4217085e-06 | K8: =IFERROR(MIN($B$4,$B$5)*MIN(C8+D8,($B$4-C8)+($B$5-D8))/($B$4+$B$5),"") -> 49.933569 | L8: =IF(K8="","",IF(K8<5,"expected < 5","")) | M8: =F8+ROW()/1000000 -> 0.22234899 | N8: =RANK(M8,$M$8:$M$15,0) -> 3 | P8: =SUMPRODUCT(COUNTIFS(acct,acc_tbl,is_conv,1,T_IMM,1)/COUNTIFS(acct,acc_tbl,is_conv,1),COUNTIFS(acct,acc_tbl,is_ai,1))/$B$4 -> 0.2487313 | Q8: =(E8-P8)*100 -> 11.5324
A9: ISL | B9: =README!$B$46 -> Islam | C9: =SUMPRODUCT(is_ai,T_ISL) -> 29 | D9: =SUMPRODUCT(is_conv,T_ISL) -> 132 | E9: =IF($B$4>0,C9/$B$4,0) -> 0.13364055 | F9: =IF($B$5>0,D9/$B$5,0) -> 0.035275254 | G9: =(E9-F9)*100 -> 9.8365299 | H9: =IF(F9>0,E9/F9,"") -> 3.7885072 | I9: =IFERROR(($B$4+$B$5)*(C9*($B$5-D9)-($B$4-C9)*D9)^2/($B$4*$B$5*(C9+D9)*(($B$4-C9)+($B$5-D9))),"") -> 50.868861 | J9: =IF(I9="","",_xlfn.CHISQ.DIST.RT(I9,1)) -> 9.8747793e-13 | K9: =IFERROR(MIN($B$4,$B$5)*MIN(C9+D9,($B$4-C9)+($B$5-D9))/($B$4+$B$5),"") -> 8.8247032 | L9: =IF(K9="","",IF(K9<5,"expected < 5","")) | M9: =F9+ROW()/1000000 -> 0.035284254 | N9: =RANK(M9,$M$8:$M$15,0) -> 8 | P9: =SUMPRODUCT(COUNTIFS(acct,acc_tbl,is_conv,1,T_ISL,1)/COUNTIFS(acct,acc_tbl,is_conv,1),COUNTIFS(acct,acc_tbl,is_ai,1))/$B$4 -> 0.043672602 | Q9: =(E9-P9)*100 -> 8.9967951
A10: CRI | B10: =README!$B$47 -> Crime & security | C10: =SUMPRODUCT(is_ai,T_CRI) -> 50 | D10: =SUMPRODUCT(is_conv,T_CRI) -> 606 | E10: =IF($B$4>0,C10/$B$4,0) -> 0.23041475 | F10: =IF($B$5>0,D10/$B$5,0) -> 0.16194548 | G10: =(E10-F10)*100 -> 6.8469263 | H10: =IF(F10>0,E10/F10,"") -> 1.422792 | I10: =IFERROR(($B$4+$B$5)*(C10*($B$5-D10)-($B$4-C10)*D10)^2/($B$4*$B$5*(C10+D10)*(($B$4-C10)+($B$5-D10))),"") -> 6.9554929 | J10: =IF(I10="","",_xlfn.CHISQ.DIST.RT(I10,1)) -> 0.0083562275 | K10: =IFERROR(MIN($B$4,$B$5)*MIN(C10+D10,($B$4-C10)+($B$5-D10))/($B$4+$B$5),"") -> 35.956555 | L10: =IF(K10="","",IF(K10<5,"expected < 5","")) | M10: =F10+ROW()/1000000 -> 0.16195548 | N10: =RANK(M10,$M$8:$M$15,0) -> 4 | P10: =SUMPRODUCT(COUNTIFS(acct,acc_tbl,is_conv,1,T_CRI,1)/COUNTIFS(acct,acc_tbl,is_conv,1),COUNTIFS(acct,acc_tbl,is_ai,1))/$B$4 -> 0.19322331 | Q10: =(E10-P10)*100 -> 3.7191432
A11: SOV | B11: =README!$B$48 -> Sovereignty & identity | C11: =SUMPRODUCT(is_ai,T_SOV) -> 55 | D11: =SUMPRODUCT(is_conv,T_SOV) -> 987 | E11: =IF($B$4>0,C11/$B$4,0) -> 0.25345622 | F11: =IF($B$5>0,D11/$B$5,0) -> 0.26376269 | G11: =(E11-F11)*100 -> -1.0306473 | H11: =IF(F11>0,E11/F11,"") -> 0.96092521 | I11: =IFERROR(($B$4+$B$5)*(C11*($B$5-D11)-($B$4-C11)*D11)^2/($B$4*$B$5*(C11+D11)*(($B$4-C11)+($B$5-D11))),"") -> 0.1123479 | J11: =IF(I11="","",_xlfn.CHISQ.DIST.RT(I11,1)) -> 0.73748675 | K11: =IFERROR(MIN($B$4,$B$5)*MIN(C11+D11,($B$4-C11)+($B$5-D11))/($B$4+$B$5),"") -> 57.113918 | L11: =IF(K11="","",IF(K11<5,"expected < 5","")) | M11: =F11+ROW()/1000000 -> 0.26377369 | N11: =RANK(M11,$M$8:$M$15,0) -> 1 | P11: =SUMPRODUCT(COUNTIFS(acct,acc_tbl,is_conv,1,T_SOV,1)/COUNTIFS(acct,acc_tbl,is_conv,1),COUNTIFS(acct,acc_tbl,is_ai,1))/$B$4 -> 0.23533093 | Q11: =(E11-P11)*100 -> 1.8125293
A12: ECON | B12: =README!$B$49 -> Economy & services | C12: =SUMPRODUCT(is_ai,T_ECON) -> 68 | D12: =SUMPRODUCT(is_conv,T_ECON) -> 943 | E12: =IF($B$4>0,C12/$B$4,0) -> 0.31336406 | F12: =IF($B$5>0,D12/$B$5,0) -> 0.25200428 | G12: =(E12-F12)*100 -> 6.135978 | H12: =IF(F12>0,E12/F12,"") -> 1.2434871 | I12: =IFERROR(($B$4+$B$5)*(C12*($B$5-D12)-($B$4-C12)*D12)^2/($B$4*$B$5*(C12+D12)*(($B$4-C12)+($B$5-D12))),"") -> 4.0610465 | J12: =IF(I12="","",_xlfn.CHISQ.DIST.RT(I12,1)) -> 0.043883295 | K12: =IFERROR(MIN($B$4,$B$5)*MIN(C12+D12,($B$4-C12)+($B$5-D12))/($B$4+$B$5),"") -> 55.414751 | L12: =IF(K12="","",IF(K12<5,"expected < 5","")) | M12: =F12+ROW()/1000000 -> 0.25201628 | N12: =RANK(M12,$M$8:$M$15,0) -> 2 | P12: =SUMPRODUCT(COUNTIFS(acct,acc_tbl,is_conv,1,T_ECON,1)/COUNTIFS(acct,acc_tbl,is_conv,1),COUNTIFS(acct,acc_tbl,is_ai,1))/$B$4 -> 0.2488866 | Q12: =(E12-P12)*100 -> 6.4477457
A13: LAND | B13: =README!$B$50 -> Land & environment | C13: =SUMPRODUCT(is_ai,T_LAND) -> 33 | D13: =SUMPRODUCT(is_conv,T_LAND) -> 441 | E13: =IF($B$4>0,C13/$B$4,0) -> 0.15207373 | F13: =IF($B$5>0,D13/$B$5,0) -> 0.11785142 | G13: =(E13-F13)*100 -> 3.4222316 | H13: =IF(F13>0,E13/F13,"") -> 1.2903853 | I13: =IFERROR(($B$4+$B$5)*(C13*($B$5-D13)-($B$4-C13)*D13)^2/($B$4*$B$5*(C13+D13)*(($B$4-C13)+($B$5-D13))),"") -> 2.2792224 | J13: =IF(I13="","",_xlfn.CHISQ.DIST.RT(I13,1)) -> 0.1311176 | K13: =IFERROR(MIN($B$4,$B$5)*MIN(C13+D13,($B$4-C13)+($B$5-D13))/($B$4+$B$5),"") -> 25.980803 | L13: =IF(K13="","",IF(K13<5,"expected < 5","")) | M13: =F13+ROW()/1000000 -> 0.11786442 | N13: =RANK(M13,$M$8:$M$15,0) -> 5 | P13: =SUMPRODUCT(COUNTIFS(acct,acc_tbl,is_conv,1,T_LAND,1)/COUNTIFS(acct,acc_tbl,is_conv,1),COUNTIFS(acct,acc_tbl,is_ai,1))/$B$4 -> 0.15373176 | Q13: =(E13-P13)*100 -> -0.16580273
A14: CULT | B14: =README!$B$51 -> Gender & culture | C14: =SUMPRODUCT(is_ai,T_CULT) -> 34 | D14: =SUMPRODUCT(is_conv,T_CULT) -> 219 | E14: =IF($B$4>0,C14/$B$4,0) -> 0.15668203 | F14: =IF($B$5>0,D14/$B$5,0) -> 0.058524853 | G14: =(E14-F14)*100 -> 9.8157175 | H14: =IF(F14>0,E14/F14,"") -> 2.6771879 | I14: =IFERROR(($B$4+$B$5)*(C14*($B$5-D14)-($B$4-C14)*D14)^2/($B$4*$B$5*(C14+D14)*(($B$4-C14)+($B$5-D14))),"") -> 33.034458 | J14: =IF(I14="","",_xlfn.CHISQ.DIST.RT(I14,1)) -> 9.0539932e-09 | K14: =IFERROR(MIN($B$4,$B$5)*MIN(C14+D14,($B$4-C14)+($B$5-D14))/($B$4+$B$5),"") -> 13.867391 | L14: =IF(K14="","",IF(K14<5,"expected < 5","")) | M14: =F14+ROW()/1000000 -> 0.058538853 | N14: =RANK(M14,$M$8:$M$15,0) -> 6 | P14: =SUMPRODUCT(COUNTIFS(acct,acc_tbl,is_conv,1,T_CULT,1)/COUNTIFS(acct,acc_tbl,is_conv,1),COUNTIFS(acct,acc_tbl,is_ai,1))/$B$4 -> 0.072717902 | Q14: =(E14-P14)*100 -> 8.3964125
A15: DEF | B15: =README!$B$52 -> Defence & foreign | C15: =SUMPRODUCT(is_ai,T_DEF) -> 14 | D15: =SUMPRODUCT(is_conv,T_DEF) -> 151 | E15: =IF($B$4>0,C15/$B$4,0) -> 0.064516129 | F15: =IF($B$5>0,D15/$B$5,0) -> 0.040352753 | G15: =(E15-F15)*100 -> 2.4163376 | H15: =IF(F15>0,E15/F15,"") -> 1.5988037 | I15: =IFERROR(($B$4+$B$5)*(C15*($B$5-D15)-($B$4-C15)*D15)^2/($B$4*$B$5*(C15+D15)*(($B$4-C15)+($B$5-D15))),"") -> 2.9983546 | J15: =IF(I15="","",_xlfn.CHISQ.DIST.RT(I15,1)) -> 0.083349127 | K15: =IFERROR(MIN($B$4,$B$5)*MIN(C15+D15,($B$4-C15)+($B$5-D15))/($B$4+$B$5),"") -> 9.0439505 | L15: =IF(K15="","",IF(K15<5,"expected < 5","")) | M15: =F15+ROW()/1000000 -> 0.040367753 | N15: =RANK(M15,$M$8:$M$15,0) -> 7 | P15: =SUMPRODUCT(COUNTIFS(acct,acc_tbl,is_conv,1,T_DEF,1)/COUNTIFS(acct,acc_tbl,is_conv,1),COUNTIFS(acct,acc_tbl,is_ai,1))/$B$4 -> 0.052166382 | Q15: =(E15-P15)*100 -> 1.2349747
A17: Sorted for the chart (by conventional share)
A18: rank | B18: label | C18: conv | D18: AI | E18: diff (pp) | F18: p
A19: 1 | B19: =INDEX($B$8:$B$15,MATCH(A19,$N$8:$N$15,0)) -> Sovereignty & identity | C19: =INDEX($F$8:$F$15,MATCH(A19,$N$8:$N$15,0)) -> 0.26376269 | D19: =INDEX($E$8:$E$15,MATCH(A19,$N$8:$N$15,0)) -> 0.25345622 | E19: =INDEX($G$8:$G$15,MATCH(A19,$N$8:$N$15,0)) -> -1.0306473 | F19: =INDEX($J$8:$J$15,MATCH(A19,$N$8:$N$15,0)) -> 0.73748675
A20: 2 | B20: =INDEX($B$8:$B$15,MATCH(A20,$N$8:$N$15,0)) -> Economy & services | C20: =INDEX($F$8:$F$15,MATCH(A20,$N$8:$N$15,0)) -> 0.25200428 | D20: =INDEX($E$8:$E$15,MATCH(A20,$N$8:$N$15,0)) -> 0.31336406 | E20: =INDEX($G$8:$G$15,MATCH(A20,$N$8:$N$15,0)) -> 6.135978 | F20: =INDEX($J$8:$J$15,MATCH(A20,$N$8:$N$15,0)) -> 0.043883295
A21: 3 | B21: =INDEX($B$8:$B$15,MATCH(A21,$N$8:$N$15,0)) -> Immigration | C21: =INDEX($F$8:$F$15,MATCH(A21,$N$8:$N$15,0)) -> 0.22234099 | D21: =INDEX($E$8:$E$15,MATCH(A21,$N$8:$N$15,0)) -> 0.3640553 | E21: =INDEX($G$8:$G$15,MATCH(A21,$N$8:$N$15,0)) -> 14.171431 | F21: =INDEX($J$8:$J$15,MATCH(A21,$N$8:$N$15,0)) -> 1.4217085e-06
A22: 4 | B22: =INDEX($B$8:$B$15,MATCH(A22,$N$8:$N$15,0)) -> Crime & security | C22: =INDEX($F$8:$F$15,MATCH(A22,$N$8:$N$15,0)) -> 0.16194548 | D22: =INDEX($E$8:$E$15,MATCH(A22,$N$8:$N$15,0)) -> 0.23041475 | E22: =INDEX($G$8:$G$15,MATCH(A22,$N$8:$N$15,0)) -> 6.8469263 | F22: =INDEX($J$8:$J$15,MATCH(A22,$N$8:$N$15,0)) -> 0.0083562275
A23: 5 | B23: =INDEX($B$8:$B$15,MATCH(A23,$N$8:$N$15,0)) -> Land & environment | C23: =INDEX($F$8:$F$15,MATCH(A23,$N$8:$N$15,0)) -> 0.11785142 | D23: =INDEX($E$8:$E$15,MATCH(A23,$N$8:$N$15,0)) -> 0.15207373 | E23: =INDEX($G$8:$G$15,MATCH(A23,$N$8:$N$15,0)) -> 3.4222316 | F23: =INDEX($J$8:$J$15,MATCH(A23,$N$8:$N$15,0)) -> 0.1311176
A24: 6 | B24: =INDEX($B$8:$B$15,MATCH(A24,$N$8:$N$15,0)) -> Gender & culture | C24: =INDEX($F$8:$F$15,MATCH(A24,$N$8:$N$15,0)) -> 0.058524853 | D24: =INDEX($E$8:$E$15,MATCH(A24,$N$8:$N$15,0)) -> 0.15668203 | E24: =INDEX($G$8:$G$15,MATCH(A24,$N$8:$N$15,0)) -> 9.8157175 | F24: =INDEX($J$8:$J$15,MATCH(A24,$N$8:$N$15,0)) -> 9.0539932e-09
A25: 7 | B25: =INDEX($B$8:$B$15,MATCH(A25,$N$8:$N$15,0)) -> Defence & foreign | C25: =INDEX($F$8:$F$15,MATCH(A25,$N$8:$N$15,0)) -> 0.040352753 | D25: =INDEX($E$8:$E$15,MATCH(A25,$N$8:$N$15,0)) -> 0.064516129 | E25: =INDEX($G$8:$G$15,MATCH(A25,$N$8:$N$15,0)) -> 2.4163376 | F25: =INDEX($J$8:$J$15,MATCH(A25,$N$8:$N$15,0)) -> 0.083349127
A26: 8 | B26: =INDEX($B$8:$B$15,MATCH(A26,$N$8:$N$15,0)) -> Islam | C26: =INDEX($F$8:$F$15,MATCH(A26,$N$8:$N$15,0)) -> 0.035275254 | D26: =INDEX($E$8:$E$15,MATCH(A26,$N$8:$N$15,0)) -> 0.13364055 | E26: =INDEX($G$8:$G$15,MATCH(A26,$N$8:$N$15,0)) -> 9.8365299 | F26: =INDEX($J$8:$J$15,MATCH(A26,$N$8:$N$15,0)) -> 9.8747793e-13
A29: Topic shares among topical posts: AI (full visuals) vs conventional
A30: Sample: all AI items plus up to 300 conventional posts per account (month-stratified; smaller accounts in full). Branding-only and AI-indeterminate posts excluded.
A32: Table A: no-topic share of all posts. Table B: topic shares of topical posts (>= 1 topic).
A36: A – Posts with no topic, share of all posts
A37: group | B37: n posts | C37: n no topic | D37: share no topic | E37: n topical | F37: share no topic, standardised to AI account mix
A38: AI (full visuals) | B38: =SUMPRODUCT(Posts!$V$3:$V$6208) -> 217 | C38: =SUMPRODUCT(Posts!$V$3:$V$6208,1-Posts!$U$3:$U$6208) -> 27 | D38: =C38/B38 -> 0.12442396 | E38: =SUMPRODUCT(Posts!$V$3:$V$6208,Posts!$U$3:$U$6208) -> 190
A39: Conventional | B39: =SUMPRODUCT(Posts!$S$3:$S$6208) -> 3742 | C39: =SUMPRODUCT(Posts!$S$3:$S$6208,1-Posts!$U$3:$U$6208) -> 1281 | D39: =C39/B39 -> 0.3423303 | E39: =SUMPRODUCT(Posts!$S$3:$S$6208,Posts!$U$3:$U$6208) -> 2461 | F39: =SUMPRODUCT(COUNTIFS(acct,acc_tbl,is_conv,1,topical,0)/COUNTIFS(acct,acc_tbl,is_conv,1),COUNTIFS(acct,acc_tbl,ai_full,1))/$B$38 -> 0.2923288
A41: χ² | B41: =(B38+B39)*(C38*(B39-C39)-(B38-C38)*C39)^2/(B38*B39*(C38+C39)*(B38+B39-C38-C39)) -> 44.022154
A42: p | B42: =_xlfn.CHISQ.DIST.RT(B41,1) -> 3.2468019e-11
A45: B – Topic shares among topical posts (>= 1 topic)
A46: code | B46: label | C46: n AI | D46: n conv | E46: share AI | F46: share conv | G46: diff (pp) | H46: ratio AI/conv | I46: χ² | J46: p | L46: share conv, standardised to AI account mix | M46: diff standardised (pp)
A47: IMM | B47: Immigration | C47: =SUMPRODUCT(Posts!$V$3:$V$6208,Posts!$U$3:$U$6208,Posts!$I$3:$I$6208) -> 79 | D47: =SUMPRODUCT(Posts!$S$3:$S$6208,Posts!$U$3:$U$6208,Posts!$I$3:$I$6208) -> 832 | E47: =C47/$E$38 -> 0.41578947 | F47: =D47/$E$39 -> 0.33807395 | G47: =(E47-F47)*100 -> 7.771552 | H47: =E47/F47 -> 1.2298773 | I47: =($E$38+$E$39)*(C47*($E$39-D47)-($E$38-C47)*D47)^2/($E$38*$E$39*(C47+D47)*($E$38+$E$39-C47-D47)) -> 4.7230531 | J47: =_xlfn.CHISQ.DIST.RT(I47,1) -> 0.029760856 | L47: =SUMPRODUCT(COUNTIFS(acct,acc_tbl,is_conv,1,topical,1,T_IMM,1)/COUNTIFS(acct,acc_tbl,is_conv,1,topical,1),COUNTIFS(acct,acc_tbl,ai_full,1,topical,1))/$E$38 -> 0.34084381 | M47: =(E47-L47)*100 -> 7.4945663
A48: ISL | B48: Islam | C48: =SUMPRODUCT(Posts!$V$3:$V$6208,Posts!$U$3:$U$6208,Posts!$J$3:$J$6208) -> 29 | D48: =SUMPRODUCT(Posts!$S$3:$S$6208,Posts!$U$3:$U$6208,Posts!$J$3:$J$6208) -> 132 | E48: =C48/$E$38 -> 0.15263158 | F48: =D48/$E$39 -> 0.053636733 | G48: =(E48-F48)*100 -> 9.8994846 | H48: =E48/F48 -> 2.8456539 | I48: =($E$38+$E$39)*(C48*($E$39-D48)-($E$38-C48)*D48)^2/($E$38*$E$39*(C48+D48)*($E$38+$E$39-C48-D48)) -> 30.302251 | J48: =_xlfn.CHISQ.DIST.RT(I48,1) -> 3.6969667e-08 | L48: =SUMPRODUCT(COUNTIFS(acct,acc_tbl,is_conv,1,topical,1,T_ISL,1)/COUNTIFS(acct,acc_tbl,is_conv,1,topical,1),COUNTIFS(acct,acc_tbl,ai_full,1,topical,1))/$E$38 -> 0.0596061 | M48: =(E48-L48)*100 -> 9.3025479
A49: CRI | B49: Crime & security | C49: =SUMPRODUCT(Posts!$V$3:$V$6208,Posts!$U$3:$U$6208,Posts!$K$3:$K$6208) -> 50 | D49: =SUMPRODUCT(Posts!$S$3:$S$6208,Posts!$U$3:$U$6208,Posts!$K$3:$K$6208) -> 606 | E49: =C49/$E$38 -> 0.26315789 | F49: =D49/$E$39 -> 0.24624137 | G49: =(E49-F49)*100 -> 1.6916529 | H49: =E49/F49 -> 1.068699 | I49: =($E$38+$E$39)*(C49*($E$39-D49)-($E$38-C49)*D49)^2/($E$38*$E$39*(C49+D49)*($E$38+$E$39-C49-D49)) -> 0.27105083 | J49: =_xlfn.CHISQ.DIST.RT(I49,1) -> 0.60262774 | L49: =SUMPRODUCT(COUNTIFS(acct,acc_tbl,is_conv,1,topical,1,T_CRI,1)/COUNTIFS(acct,acc_tbl,is_conv,1,topical,1),COUNTIFS(acct,acc_tbl,ai_full,1,topical,1))/$E$38 -> 0.27871446 | M49: =(E49-L49)*100 -> -1.5556561
A50: SOV | B50: Sovereignty & identity | C50: =SUMPRODUCT(Posts!$V$3:$V$6208,Posts!$U$3:$U$6208,Posts!$L$3:$L$6208) -> 55 | D50: =SUMPRODUCT(Posts!$S$3:$S$6208,Posts!$U$3:$U$6208,Posts!$L$3:$L$6208) -> 987 | E50: =C50/$E$38 -> 0.28947368 | F50: =D50/$E$39 -> 0.40105648 | G50: =(E50-F50)*100 -> -11.15828 | H50: =E50/F50 -> 0.72177785 | I50: =($E$38+$E$39)*(C50*($E$39-D50)-($E$38-C50)*D50)^2/($E$38*$E$39*(C50+D50)*($E$38+$E$39-C50-D50)) -> 9.2054636 | J50: =_xlfn.CHISQ.DIST.RT(I50,1) -> 0.0024129388 | L50: =SUMPRODUCT(COUNTIFS(acct,acc_tbl,is_conv,1,topical,1,T_SOV,1)/COUNTIFS(acct,acc_tbl,is_conv,1,topical,1),COUNTIFS(acct,acc_tbl,ai_full,1,topical,1))/$E$38 -> 0.33380648 | M50: =(E50-L50)*100 -> -4.4332794
A51: ECON | B51: Economy & services | C51: =SUMPRODUCT(Posts!$V$3:$V$6208,Posts!$U$3:$U$6208,Posts!$M$3:$M$6208) -> 68 | D51: =SUMPRODUCT(Posts!$S$3:$S$6208,Posts!$U$3:$U$6208,Posts!$M$3:$M$6208) -> 943 | E51: =C51/$E$38 -> 0.35789474 | F51: =D51/$E$39 -> 0.38317757 | G51: =(E51-F51)*100 -> -2.5282833 | H51: =E51/F51 -> 0.93401797 | I51: =($E$38+$E$39)*(C51*($E$39-D51)-($E$38-C51)*D51)^2/($E$38*$E$39*(C51+D51)*($E$38+$E$39-C51-D51)) -> 0.47789383 | J51: =_xlfn.CHISQ.DIST.RT(I51,1) -> 0.48937788 | L51: =SUMPRODUCT(COUNTIFS(acct,acc_tbl,is_conv,1,topical,1,T_ECON,1)/COUNTIFS(acct,acc_tbl,is_conv,1,topical,1),COUNTIFS(acct,acc_tbl,ai_full,1,topical,1))/$E$38 -> 0.3573844 | M51: =(E51-L51)*100 -> 0.051033806
A52: LAND | B52: Land & environment | C52: =SUMPRODUCT(Posts!$V$3:$V$6208,Posts!$U$3:$U$6208,Posts!$N$3:$N$6208) -> 33 | D52: =SUMPRODUCT(Posts!$S$3:$S$6208,Posts!$U$3:$U$6208,Posts!$N$3:$N$6208) -> 441 | E52: =C52/$E$38 -> 0.17368421 | F52: =D52/$E$39 -> 0.17919545 | G52: =(E52-F52)*100 -> -0.55112385 | H52: =E52/F52 -> 0.96924454 | I52: =($E$38+$E$39)*(C52*($E$39-D52)-($E$38-C52)*D52)^2/($E$38*$E$39*(C52+D52)*($E$38+$E$39-C52-D52)) -> 0.036486867 | J52: =_xlfn.CHISQ.DIST.RT(I52,1) -> 0.84851356 | L52: =SUMPRODUCT(COUNTIFS(acct,acc_tbl,is_conv,1,topical,1,T_LAND,1)/COUNTIFS(acct,acc_tbl,is_conv,1,topical,1),COUNTIFS(acct,acc_tbl,ai_full,1,topical,1))/$E$38 -> 0.22572178 | M52: =(E52-L52)*100 -> -5.2037567
A53: CULT | B53: Gender & culture | C53: =SUMPRODUCT(Posts!$V$3:$V$6208,Posts!$U$3:$U$6208,Posts!$O$3:$O$6208) -> 34 | D53: =SUMPRODUCT(Posts!$S$3:$S$6208,Posts!$U$3:$U$6208,Posts!$O$3:$O$6208) -> 219 | E53: =C53/$E$38 -> 0.17894737 | F53: =D53/$E$39 -> 0.088988216 | G53: =(E53-F53)*100 -> 8.9959152 | H53: =E53/F53 -> 2.0109108 | I53: =($E$38+$E$39)*(C53*($E$39-D53)-($E$38-C53)*D53)^2/($E$38*$E$39*(C53+D53)*($E$38+$E$39-C53-D53)) -> 16.534686 | J53: =_xlfn.CHISQ.DIST.RT(I53,1) -> 4.7768205e-05 | L53: =SUMPRODUCT(COUNTIFS(acct,acc_tbl,is_conv,1,topical,1,T_CULT,1)/COUNTIFS(acct,acc_tbl,is_conv,1,topical,1),COUNTIFS(acct,acc_tbl,ai_full,1,topical,1))/$E$38 -> 0.10598204 | M53: =(E53-L53)*100 -> 7.2965332
A54: DEF | B54: Defence & foreign | C54: =SUMPRODUCT(Posts!$V$3:$V$6208,Posts!$U$3:$U$6208,Posts!$P$3:$P$6208) -> 14 | D54: =SUMPRODUCT(Posts!$S$3:$S$6208,Posts!$U$3:$U$6208,Posts!$P$3:$P$6208) -> 151 | E54: =C54/$E$38 -> 0.073684211 | F54: =D54/$E$39 -> 0.061357172 | G54: =(E54-F54)*100 -> 1.2327039 | H54: =E54/F54 -> 1.2009062 | I54: =($E$38+$E$39)*(C54*($E$39-D54)-($E$38-C54)*D54)^2/($E$38*$E$39*(C54+D54)*($E$38+$E$39-C54-D54)) -> 0.45920583 | J54: =_xlfn.CHISQ.DIST.RT(I54,1) -> 0.49799537 | L54: =SUMPRODUCT(COUNTIFS(acct,acc_tbl,is_conv,1,topical,1,T_DEF,1)/COUNTIFS(acct,acc_tbl,is_conv,1,topical,1),COUNTIFS(acct,acc_tbl,ai_full,1,topical,1))/$E$38 -> 0.0734455 | M54: =(E54-L54)*100 -> 0.023871073
A56: Chart B reads B47:F54.
A58: Per-account topic shares among topical posts: AI vs the account's own conventional posts
A60: Denominator: topical posts (comparable with Table B, not T1). Sample as above.
A61: Summary from row 67; AfD, VOX, Salvini and RN from row 75.
A67: Summary – per account: sampled posts, topical posts, no-topic share
A68: account | B68: label | C68: n AI | D68: n AI topical | E68: no-topic share AI | F68: n conv (sample) | G68: n conv topical | H68: no-topic share conv
A69: DE_afd.bund | B69: AfD | C69: =SUMPRODUCT((acct=A69)*ai_full) -> 56 | D69: =SUMPRODUCT((acct=A69)*ai_full*topical) -> 53 | E69: =1-D69/C69 -> 0.053571429 | F69: =SUMPRODUCT((acct=A69)*is_conv) -> 115 | G69: =SUMPRODUCT((acct=A69)*is_conv*topical) -> 95 | H69: =1-G69/F69 -> 0.17391304
A70: ES-EU_vox_es | B70: VOX | C70: =SUMPRODUCT((acct=A70)*ai_full) -> 37 | D70: =SUMPRODUCT((acct=A70)*ai_full*topical) -> 35 | E70: =1-D70/C70 -> 0.054054054 | F70: =SUMPRODUCT((acct=A70)*is_conv) -> 298 | G70: =SUMPRODUCT((acct=A70)*is_conv*topical) -> 194 | H70: =1-G70/F70 -> 0.34899329
A71: IT-EU_matteosalviniofficial | B71: Salvini | C71: =SUMPRODUCT((acct=A71)*ai_full) -> 30 | D71: =SUMPRODUCT((acct=A71)*ai_full*topical) -> 28 | E71: =1-D71/C71 -> 0.066666667 | F71: =SUMPRODUCT((acct=A71)*is_conv) -> 300 | G71: =SUMPRODUCT((acct=A71)*is_conv*topical) -> 226 | H71: =1-G71/F71 -> 0.24666667
A72: FR_EU_rassemblementnational_fr | B72: RN | C72: =SUMPRODUCT((acct=A72)*ai_full) -> 24 | D72: =SUMPRODUCT((acct=A72)*ai_full*topical) -> 22 | E72: =1-D72/C72 -> 0.083333333 | F72: =SUMPRODUCT((acct=A72)*is_conv) -> 300 | G72: =SUMPRODUCT((acct=A72)*is_conv*topical) -> 196 | H72: =1-G72/F72 -> 0.34666667
A73: NL_geertwilders | B73: Wilders | C73: =SUMPRODUCT((acct=A73)*ai_full) -> 15 | D73: =SUMPRODUCT((acct=A73)*ai_full*topical) -> 6 | E73: =1-D73/C73 -> 0.6 | F73: =SUMPRODUCT((acct=A73)*is_conv) -> 181 | G73: =SUMPRODUCT((acct=A73)*is_conv*topical) -> 110 | H73: =1-G73/F73 -> 0.39226519
A74: DE_alice.weidel | B74: Weidel | C74: =SUMPRODUCT((acct=A74)*ai_full) -> 15 | D74: =SUMPRODUCT((acct=A74)*ai_full*topical) -> 14 | E74: =1-D74/C74 -> 0.066666667 | F74: =SUMPRODUCT((acct=A74)*is_conv) -> 279 | G74: =SUMPRODUCT((acct=A74)*is_conv*topical) -> 172 | H74: =1-G74/F74 -> 0.38351254
A75: Topic shares by account (denominators = n AI topical / n conv topical from the summary above)
A76: AfD (DE_afd.bund)
A77: account | B77: label | C77: code | D77: topic | E77: n AI | F77: n conv | G77: share AI | H77: share conv | I77: diff (pp) | J77: χ² | K77: p | L77: n AI topical | M77: n conv topical
A78: DE_afd.bund | B78: AfD | C78: IMM | D78: Immigration | E78: =SUMPRODUCT((acct=$A78)*ai_full*topical*T_IMM) -> 22 | F78: =SUMPRODUCT((acct=$A78)*is_conv*topical*T_IMM) -> 39 | G78: =E78/L78 -> 0.41509434 | H78: =F78/M78 -> 0.41052632 | I78: =(G78-H78)*100 -> 0.45680238 | J78: =IFERROR((E78+(L78-E78)+F78+(M78-F78))*(E78*(M78-F78)-(L78-E78)*F78)^2/((E78+(L78-E78))*(F78+(M78-F78))*(E78+F78)*((L78-E78)+(M78-F78))),"") -> 0.0029300081 | K78: =IFERROR(_xlfn.CHISQ.DIST.RT(J78,1),"") -> 0.95683195 | L78: =$D$69 -> 53 | M78: =$G$69 -> 95
A79: DE_afd.bund | B79: AfD | C79: ISL | D79: Islam | E79: =SUMPRODUCT((acct=$A79)*ai_full*topical*T_ISL) -> 2 | F79: =SUMPRODUCT((acct=$A79)*is_conv*topical*T_ISL) -> 2 | G79: =E79/L79 -> 0.037735849 | H79: =F79/M79 -> 0.021052632 | I79: =(G79-H79)*100 -> 1.6683217 | J79: =IFERROR((E79+(L79-E79)+F79+(M79-F79))*(E79*(M79-F79)-(L79-E79)*F79)^2/((E79+(L79-E79))*(F79+(M79-F79))*(E79+F79)*((L79-E79)+(M79-F79))),"") -> 0.36007944 | K79: =IFERROR(_xlfn.CHISQ.DIST.RT(J79,1),"") -> 0.54846212 | L79: =$D$69 -> 53 | M79: =$G$69 -> 95
A80: DE_afd.bund | B80: AfD | C80: CRI | D80: Crime & security | E80: =SUMPRODUCT((acct=$A80)*ai_full*topical*T_CRI) -> 13 | F80: =SUMPRODUCT((acct=$A80)*is_conv*topical*T_CRI) -> 17 | G80: =E80/L80 -> 0.24528302 | H80: =F80/M80 -> 0.17894737 | I80: =(G80-H80)*100 -> 6.633565 | J80: =IFERROR((E80+(L80-E80)+F80+(M80-F80))*(E80*(M80-F80)-(L80-E80)*F80)^2/((E80+(L80-E80))*(F80+(M80-F80))*(E80+F80)*((L80-E80)+(M80-F80))),"") -> 0.92630053 | K80: =IFERROR(_xlfn.CHISQ.DIST.RT(J80,1),"") -> 0.33582608 | L80: =$D$69 -> 53 | M80: =$G$69 -> 95
A81: DE_afd.bund | B81: AfD | C81: SOV | D81: Sovereignty & identity | E81: =SUMPRODUCT((acct=$A81)*ai_full*topical*T_SOV) -> 0 | F81: =SUMPRODUCT((acct=$A81)*is_conv*topical*T_SOV) -> 15 | G81: =E81/L81 -> 0 | H81: =F81/M81 -> 0.15789474 | I81: =(G81-H81)*100 -> -15.789474 | J81: =IFERROR((E81+(L81-E81)+F81+(M81-F81))*(E81*(M81-F81)-(L81-E81)*F81)^2/((E81+(L81-E81))*(F81+(M81-F81))*(E81+F81)*((L81-E81)+(M81-F81))),"") -> 9.3122279 | K81: =IFERROR(_xlfn.CHISQ.DIST.RT(J81,1),"") -> 0.0022762951 | L81: =$D$69 -> 53 | M81: =$G$69 -> 95
A82: DE_afd.bund | B82: AfD | C82: ECON | D82: Economy & services | E82: =SUMPRODUCT((acct=$A82)*ai_full*topical*T_ECON) -> 33 | F82: =SUMPRODUCT((acct=$A82)*is_conv*topical*T_ECON) -> 45 | G82: =E82/L82 -> 0.62264151 | H82: =F82/M82 -> 0.47368421 | I82: =(G82-H82)*100 -> 14.89573 | J82: =IFERROR((E82+(L82-E82)+F82+(M82-F82))*(E82*(M82-F82)-(L82-E82)*F82)^2/((E82+(L82-E82))*(F82+(M82-F82))*(E82+F82)*((L82-E82)+(M82-F82))),"") -> 3.0282528 | K82: =IFERROR(_xlfn.CHISQ.DIST.RT(J82,1),"") -> 0.081826087 | L82: =$D$69 -> 53 | M82: =$G$69 -> 95
A83: DE_afd.bund | B83: AfD | C83: LAND | D83: Land & environment | E83: =SUMPRODUCT((acct=$A83)*ai_full*topical*T_LAND) -> 10 | F83: =SUMPRODUCT((acct=$A83)*is_conv*topical*T_LAND) -> 30 | G83: =E83/L83 -> 0.18867925 | H83: =F83/M83 -> 0.31578947 | I83: =(G83-H83)*100 -> -12.711023 | J83: =IFERROR((E83+(L83-E83)+F83+(M83-F83))*(E83*(M83-F83)-(L83-E83)*F83)^2/((E83+(L83-E83))*(F83+(M83-F83))*(E83+F83)*((L83-E83)+(M83-F83))),"") -> 2.7870095 | K83: =IFERROR(_xlfn.CHISQ.DIST.RT(J83,1),"") -> 0.095031426 | L83: =$D$69 -> 53 | M83: =$G$69 -> 95
A84: DE_afd.bund | B84: AfD | C84: CULT | D84: Gender & culture | E84: =SUMPRODUCT((acct=$A84)*ai_full*topical*T_CULT) -> 11 | F84: =SUMPRODUCT((acct=$A84)*is_conv*topical*T_CULT) -> 13 | G84: =E84/L84 -> 0.20754717 | H84: =F84/M84 -> 0.13684211 | I84: =(G84-H84)*100 -> 7.0705065 | J84: =IFERROR((E84+(L84-E84)+F84+(M84-F84))*(E84*(M84-F84)-(L84-E84)*F84)^2/((E84+(L84-E84))*(F84+(M84-F84))*(E84+F84)*((L84-E84)+(M84-F84))),"") -> 1.2517838 | K84: =IFERROR(_xlfn.CHISQ.DIST.RT(J84,1),"") -> 0.26321206 | L84: =$D$69 -> 53 | M84: =$G$69 -> 95
A85: DE_afd.bund | B85: AfD | C85: DEF | D85: Defence & foreign | E85: =SUMPRODUCT((acct=$A85)*ai_full*topical*T_DEF) -> 4 | F85: =SUMPRODUCT((acct=$A85)*is_conv*topical*T_DEF) -> 9 | G85: =E85/L85 -> 0.075471698 | H85: =F85/M85 -> 0.094736842 | I85: =(G85-H85)*100 -> -1.9265144 | J85: =IFERROR((E85+(L85-E85)+F85+(M85-F85))*(E85*(M85-F85)-(L85-E85)*F85)^2/((E85+(L85-E85))*(F85+(M85-F85))*(E85+F85)*((L85-E85)+(M85-F85))),"") -> 0.15758998 | K85: =IFERROR(_xlfn.CHISQ.DIST.RT(J85,1),"") -> 0.69138513 | L85: =$D$69 -> 53 | M85: =$G$69 -> 95
A87: VOX (ES-EU_vox_es)
A88: account | B88: label | C88: code | D88: topic | E88: n AI | F88: n conv | G88: share AI | H88: share conv | I88: diff (pp) | J88: χ² | K88: p | L88: n AI topical | M88: n conv topical
A89: ES-EU_vox_es | B89: VOX | C89: IMM | D89: Immigration | E89: =SUMPRODUCT((acct=$A89)*ai_full*topical*T_IMM) -> 25 | F89: =SUMPRODUCT((acct=$A89)*is_conv*topical*T_IMM) -> 62 | G89: =E89/L89 -> 0.71428571 | H89: =F89/M89 -> 0.31958763 | I89: =(G89-H89)*100 -> 39.469809 | J89: =IFERROR((E89+(L89-E89)+F89+(M89-F89))*(E89*(M89-F89)-(L89-E89)*F89)^2/((E89+(L89-E89))*(F89+(M89-F89))*(E89+F89)*((L89-E89)+(M89-F89))),"") -> 19.607747 | K89: =IFERROR(_xlfn.CHISQ.DIST.RT(J89,1),"") -> 9.5082869e-06 | L89: =$D$70 -> 35 | M89: =$G$70 -> 194
A90: ES-EU_vox_es | B90: VOX | C90: ISL | D90: Islam | E90: =SUMPRODUCT((acct=$A90)*ai_full*topical*T_ISL) -> 8 | F90: =SUMPRODUCT((acct=$A90)*is_conv*topical*T_ISL) -> 22 | G90: =E90/L90 -> 0.22857143 | H90: =F90/M90 -> 0.11340206 | I90: =(G90-H90)*100 -> 11.516937 | J90: =IFERROR((E90+(L90-E90)+F90+(M90-F90))*(E90*(M90-F90)-(L90-E90)*F90)^2/((E90+(L90-E90))*(F90+(M90-F90))*(E90+F90)*((L90-E90)+(M90-F90))),"") -> 3.4546566 | K90: =IFERROR(_xlfn.CHISQ.DIST.RT(J90,1),"") -> 0.063073836 | L90: =$D$70 -> 35 | M90: =$G$70 -> 194
A91: ES-EU_vox_es | B91: VOX | C91: CRI | D91: Crime & security | E91: =SUMPRODUCT((acct=$A91)*ai_full*topical*T_CRI) -> 17 | F91: =SUMPRODUCT((acct=$A91)*is_conv*topical*T_CRI) -> 71 | G91: =E91/L91 -> 0.48571429 | H91: =F91/M91 -> 0.36597938 | I91: =(G91-H91)*100 -> 11.97349 | J91: =IFERROR((E91+(L91-E91)+F91+(M91-F91))*(E91*(M91-F91)-(L91-E91)*F91)^2/((E91+(L91-E91))*(F91+(M91-F91))*(E91+F91)*((L91-E91)+(M91-F91))),"") -> 1.7965736 | K91: =IFERROR(_xlfn.CHISQ.DIST.RT(J91,1),"") -> 0.18012728 | L91: =$D$70 -> 35 | M91: =$G$70 -> 194
A92: ES-EU_vox_es | B92: VOX | C92: SOV | D92: Sovereignty & identity | E92: =SUMPRODUCT((acct=$A92)*ai_full*topical*T_SOV) -> 7 | F92: =SUMPRODUCT((acct=$A92)*is_conv*topical*T_SOV) -> 112 | G92: =E92/L92 -> 0.2 | H92: =F92/M92 -> 0.57731959 | I92: =(G92-H92)*100 -> -37.731959 | J92: =IFERROR((E92+(L92-E92)+F92+(M92-F92))*(E92*(M92-F92)-(L92-E92)*F92)^2/((E92+(L92-E92))*(F92+(M92-F92))*(E92+F92)*((L92-E92)+(M92-F92))),"") -> 16.911585 | K92: =IFERROR(_xlfn.CHISQ.DIST.RT(J92,1),"") -> 3.9161842e-05 | L92: =$D$70 -> 35 | M92: =$G$70 -> 194
A93: ES-EU_vox_es | B93: VOX | C93: ECON | D93: Economy & services | E93: =SUMPRODUCT((acct=$A93)*ai_full*topical*T_ECON) -> 5 | F93: =SUMPRODUCT((acct=$A93)*is_conv*topical*T_ECON) -> 63 | G93: =E93/L93 -> 0.14285714 | H93: =F93/M93 -> 0.32474227 | I93: =(G93-H93)*100 -> -18.188513 | J93: =IFERROR((E93+(L93-E93)+F93+(M93-F93))*(E93*(M93-F93)-(L93-E93)*F93)^2/((E93+(L93-E93))*(F93+(M93-F93))*(E93+F93)*((L93-E93)+(M93-F93))),"") -> 4.6985606 | K93: =IFERROR(_xlfn.CHISQ.DIST.RT(J93,1),"") -> 0.030187889 | L93: =$D$70 -> 35 | M93: =$G$70 -> 194
A94: ES-EU_vox_es | B94: VOX | C94: LAND | D94: Land & environment | E94: =SUMPRODUCT((acct=$A94)*ai_full*topical*T_LAND) -> 2 | F94: =SUMPRODUCT((acct=$A94)*is_conv*topical*T_LAND) -> 52 | G94: =E94/L94 -> 0.057142857 | H94: =F94/M94 -> 0.26804124 | I94: =(G94-H94)*100 -> -21.089838 | J94: =IFERROR((E94+(L94-E94)+F94+(M94-F94))*(E94*(M94-F94)-(L94-E94)*F94)^2/((E94+(L94-E94))*(F94+(M94-F94))*(E94+F94)*((L94-E94)+(M94-F94))),"") -> 7.3184639 | K94: =IFERROR(_xlfn.CHISQ.DIST.RT(J94,1),"") -> 0.0068249722 | L94: =$D$70 -> 35 | M94: =$G$70 -> 194
A95: ES-EU_vox_es | B95: VOX | C95: CULT | D95: Gender & culture | E95: =SUMPRODUCT((acct=$A95)*ai_full*topical*T_CULT) -> 10 | F95: =SUMPRODUCT((acct=$A95)*is_conv*topical*T_CULT) -> 29 | G95: =E95/L95 -> 0.28571429 | H95: =F95/M95 -> 0.14948454 | I95: =(G95-H95)*100 -> 13.622975 | J95: =IFERROR((E95+(L95-E95)+F95+(M95-F95))*(E95*(M95-F95)-(L95-E95)*F95)^2/((E95+(L95-E95))*(F95+(M95-F95))*(E95+F95)*((L95-E95)+(M95-F95))),"") -> 3.894314 | K95: =IFERROR(_xlfn.CHISQ.DIST.RT(J95,1),"") -> 0.048449822 | L95: =$D$70 -> 35 | M95: =$G$70 -> 194
A96: ES-EU_vox_es | B96: VOX | C96: DEF | D96: Defence & foreign | E96: =SUMPRODUCT((acct=$A96)*ai_full*topical*T_DEF) -> 0 | F96: =SUMPRODUCT((acct=$A96)*is_conv*topical*T_DEF) -> 11 | G96: =E96/L96 -> 0 | H96: =F96/M96 -> 0.056701031 | I96: =(G96-H96)*100 -> -5.6701031 | J96: =IFERROR((E96+(L96-E96)+F96+(M96-F96))*(E96*(M96-F96)-(L96-E96)*F96)^2/((E96+(L96-E96))*(F96+(M96-F96))*(E96+F96)*((L96-E96)+(M96-F96))),"") -> 2.0846732 | K96: =IFERROR(_xlfn.CHISQ.DIST.RT(J96,1),"") -> 0.14878406 | L96: =$D$70 -> 35 | M96: =$G$70 -> 194
A98: Salvini (IT-EU_matteosalviniofficial)
A99: account | B99: label | C99: code | D99: topic | E99: n AI | F99: n conv | G99: share AI | H99: share conv | I99: diff (pp) | J99: χ² | K99: p | L99: n AI topical | M99: n conv topical
A100: IT-EU_matteosalviniofficial | B100: Salvini | C100: IMM | D100: Immigration | E100: =SUMPRODUCT((acct=$A100)*ai_full*topical*T_IMM) -> 5 | F100: =SUMPRODUCT((acct=$A100)*is_conv*topical*T_IMM) -> 27 | G100: =E100/L100 -> 0.17857143 | H100: =F100/M100 -> 0.11946903 | I100: =(G100-H100)*100 -> 5.9102402 | J100: =IFERROR((E100+(L100-E100)+F100+(M100-F100))*(E100*(M100-F100)-(L100-E100)*F100)^2/((E100+(L100-E100))*(F100+(M100-F100))*(E100+F100)*((L100-E100)+(M100-F100))),"") -> 0.79032824 | K100: =IFERROR(_xlfn.CHISQ.DIST.RT(J100,1),"") -> 0.37400089 | L100: =$D$71 -> 28 | M100: =$G$71 -> 226
A101: IT-EU_matteosalviniofficial | B101: Salvini | C101: ISL | D101: Islam | E101: =SUMPRODUCT((acct=$A101)*ai_full*topical*T_ISL) -> 9 | F101: =SUMPRODUCT((acct=$A101)*is_conv*topical*T_ISL) -> 25 | G101: =E101/L101 -> 0.32142857 | H101: =F101/M101 -> 0.11061947 | I101: =(G101-H101)*100 -> 21.08091 | J101: =IFERROR((E101+(L101-E101)+F101+(M101-F101))*(E101*(M101-F101)-(L101-E101)*F101)^2/((E101+(L101-E101))*(F101+(M101-F101))*(E101+F101)*((L101-E101)+(M101-F101))),"") -> 9.5494269 | K101: =IFERROR(_xlfn.CHISQ.DIST.RT(J101,1),"") -> 0.0020001186 | L101: =$D$71 -> 28 | M101: =$G$71 -> 226
A102: IT-EU_matteosalviniofficial | B102: Salvini | C102: CRI | D102: Crime & security | E102: =SUMPRODUCT((acct=$A102)*ai_full*topical*T_CRI) -> 8 | F102: =SUMPRODUCT((acct=$A102)*is_conv*topical*T_CRI) -> 106 | G102: =E102/L102 -> 0.28571429 | H102: =F102/M102 -> 0.46902655 | I102: =(G102-H102)*100 -> -18.331226 | J102: =IFERROR((E102+(L102-E102)+F102+(M102-F102))*(E102*(M102-F102)-(L102-E102)*F102)^2/((E102+(L102-E102))*(F102+(M102-F102))*(E102+F102)*((L102-E102)+(M102-F102))),"") -> 3.3841557 | K102: =IFERROR(_xlfn.CHISQ.DIST.RT(J102,1),"") -> 0.065825884 | L102: =$D$71 -> 28 | M102: =$G$71 -> 226
A103: IT-EU_matteosalviniofficial | B103: Salvini | C103: SOV | D103: Sovereignty & identity | E103: =SUMPRODUCT((acct=$A103)*ai_full*topical*T_SOV) -> 13 | F103: =SUMPRODUCT((acct=$A103)*is_conv*topical*T_SOV) -> 54 | G103: =E103/L103 -> 0.46428571 | H103: =F103/M103 -> 0.23893805 | I103: =(G103-H103)*100 -> 22.534766 | J103: =IFERROR((E103+(L103-E103)+F103+(M103-F103))*(E103*(M103-F103)-(L103-E103)*F103)^2/((E103+(L103-E103))*(F103+(M103-F103))*(E103+F103)*((L103-E103)+(M103-F103))),"") -> 6.514632 | K103: =IFERROR(_xlfn.CHISQ.DIST.RT(J103,1),"") -> 0.010699046 | L103: =$D$71 -> 28 | M103: =$G$71 -> 226
A104: IT-EU_matteosalviniofficial | B104: Salvini | C104: ECON | D104: Economy & services | E104: =SUMPRODUCT((acct=$A104)*ai_full*topical*T_ECON) -> 1 | F104: =SUMPRODUCT((acct=$A104)*is_conv*topical*T_ECON) -> 49 | G104: =E104/L104 -> 0.035714286 | H104: =F104/M104 -> 0.21681416 | I104: =(G104-H104)*100 -> -18.109987 | J104: =IFERROR((E104+(L104-E104)+F104+(M104-F104))*(E104*(M104-F104)-(L104-E104)*F104)^2/((E104+(L104-E104))*(F104+(M104-F104))*(E104+F104)*((L104-E104)+(M104-F104))),"") -> 5.1681643 | K104: =IFERROR(_xlfn.CHISQ.DIST.RT(J104,1),"") -> 0.023004513 | L104: =$D$71 -> 28 | M104: =$G$71 -> 226
A105: IT-EU_matteosalviniofficial | B105: Salvini | C105: LAND | D105: Land & environment | E105: =SUMPRODUCT((acct=$A105)*ai_full*topical*T_LAND) -> 6 | F105: =SUMPRODUCT((acct=$A105)*is_conv*topical*T_LAND) -> 37 | G105: =E105/L105 -> 0.21428571 | H105: =F105/M105 -> 0.16371681 | I105: =(G105-H105)*100 -> 5.05689 | J105: =IFERROR((E105+(L105-E105)+F105+(M105-F105))*(E105*(M105-F105)-(L105-E105)*F105)^2/((E105+(L105-E105))*(F105+(M105-F105))*(E105+F105)*((L105-E105)+(M105-F105))),"") -> 0.45301887 | K105: =IFERROR(_xlfn.CHISQ.DIST.RT(J105,1),"") -> 0.50090482 | L105: =$D$71 -> 28 | M105: =$G$71 -> 226
A106: IT-EU_matteosalviniofficial | B106: Salvini | C106: CULT | D106: Gender & culture | E106: =SUMPRODUCT((acct=$A106)*ai_full*topical*T_CULT) -> 6 | F106: =SUMPRODUCT((acct=$A106)*is_conv*topical*T_CULT) -> 20 | G106: =E106/L106 -> 0.21428571 | H106: =F106/M106 -> 0.088495575 | I106: =(G106-H106)*100 -> 12.579014 | J106: =IFERROR((E106+(L106-E106)+F106+(M106-F106))*(E106*(M106-F106)-(L106-E106)*F106)^2/((E106+(L106-E106))*(F106+(M106-F106))*(E106+F106)*((L106-E106)+(M106-F106))),"") -> 4.2902756 | K106: =IFERROR(_xlfn.CHISQ.DIST.RT(J106,1),"") -> 0.038330953 | L106: =$D$71 -> 28 | M106: =$G$71 -> 226
A107: IT-EU_matteosalviniofficial | B107: Salvini | C107: DEF | D107: Defence & foreign | E107: =SUMPRODUCT((acct=$A107)*ai_full*topical*T_DEF) -> 4 | F107: =SUMPRODUCT((acct=$A107)*is_conv*topical*T_DEF) -> 18 | G107: =E107/L107 -> 0.14285714 | H107: =F107/M107 -> 0.079646018 | I107: =(G107-H107)*100 -> 6.3211125 | J107: =IFERROR((E107+(L107-E107)+F107+(M107-F107))*(E107*(M107-F107)-(L107-E107)*F107)^2/((E107+(L107-E107))*(F107+(M107-F107))*(E107+F107)*((L107-E107)+(M107-F107))),"") -> 1.2582779 | K107: =IFERROR(_xlfn.CHISQ.DIST.RT(J107,1),"") -> 0.26197732 | L107: =$D$71 -> 28 | M107: =$G$71 -> 226
A109: RN (FR_EU_rassemblementnational_fr)
A110: account | B110: label | C110: code | D110: topic | E110: n AI | F110: n conv | G110: share AI | H110: share conv | I110: diff (pp) | J110: χ² | K110: p | L110: n AI topical | M110: n conv topical
A111: FR_EU_rassemblementnational_fr | B111: RN | C111: IMM | D111: Immigration | E111: =SUMPRODUCT((acct=$A111)*ai_full*topical*T_IMM) -> 9 | F111: =SUMPRODUCT((acct=$A111)*is_conv*topical*T_IMM) -> 68 | G111: =E111/L111 -> 0.40909091 | H111: =F111/M111 -> 0.34693878 | I111: =(G111-H111)*100 -> 6.2152134 | J111: =IFERROR((E111+(L111-E111)+F111+(M111-F111))*(E111*(M111-F111)-(L111-E111)*F111)^2/((E111+(L111-E111))*(F111+(M111-F111))*(E111+F111)*((L111-E111)+(M111-F111))),"") -> 0.33445485 | K111: =IFERROR(_xlfn.CHISQ.DIST.RT(J111,1),"") -> 0.56304761 | L111: =$D$72 -> 22 | M111: =$G$72 -> 196
A112: FR_EU_rassemblementnational_fr | B112: RN | C112: ISL | D112: Islam | E112: =SUMPRODUCT((acct=$A112)*ai_full*topical*T_ISL) -> 0 | F112: =SUMPRODUCT((acct=$A112)*is_conv*topical*T_ISL) -> 7 | G112: =E112/L112 -> 0 | H112: =F112/M112 -> 0.035714286 | I112: =(G112-H112)*100 -> -3.5714286 | J112: =IFERROR((E112+(L112-E112)+F112+(M112-F112))*(E112*(M112-F112)-(L112-E112)*F112)^2/((E112+(L112-E112))*(F112+(M112-F112))*(E112+F112)*((L112-E112)+(M112-F112))),"") -> 0.81178064 | K112: =IFERROR(_xlfn.CHISQ.DIST.RT(J112,1),"") -> 0.36759433 | L112: =$D$72 -> 22 | M112: =$G$72 -> 196
A113: FR_EU_rassemblementnational_fr | B113: RN | C113: CRI | D113: Crime & security | E113: =SUMPRODUCT((acct=$A113)*ai_full*topical*T_CRI) -> 0 | F113: =SUMPRODUCT((acct=$A113)*is_conv*topical*T_CRI) -> 46 | G113: =E113/L113 -> 0 | H113: =F113/M113 -> 0.23469388 | I113: =(G113-H113)*100 -> -23.469388 | J113: =IFERROR((E113+(L113-E113)+F113+(M113-F113))*(E113*(M113-F113)-(L113-E113)*F113)^2/((E113+(L113-E113))*(F113+(M113-F113))*(E113+F113)*((L113-E113)+(M113-F113))),"") -> 6.5441386 | K113: =IFERROR(_xlfn.CHISQ.DIST.RT(J113,1),"") -> 0.010523027 | L113: =$D$72 -> 22 | M113: =$G$72 -> 196
A114: FR_EU_rassemblementnational_fr | B114: RN | C114: SOV | D114: Sovereignty & identity | E114: =SUMPRODUCT((acct=$A114)*ai_full*topical*T_SOV) -> 19 | F114: =SUMPRODUCT((acct=$A114)*is_conv*topical*T_SOV) -> 96 | G114: =E114/L114 -> 0.86363636 | H114: =F114/M114 -> 0.48979592 | I114: =(G114-H114)*100 -> 37.384045 | J114: =IFERROR((E114+(L114-E114)+F114+(M114-F114))*(E114*(M114-F114)-(L114-E114)*F114)^2/((E114+(L114-E114))*(F114+(M114-F114))*(E114+F114)*((L114-E114)+(M114-F114))),"") -> 11.091052 | K114: =IFERROR(_xlfn.CHISQ.DIST.RT(J114,1),"") -> 0.00086745249 | L114: =$D$72 -> 22 | M114: =$G$72 -> 196
A115: FR_EU_rassemblementnational_fr | B115: RN | C115: ECON | D115: Economy & services | E115: =SUMPRODUCT((acct=$A115)*ai_full*topical*T_ECON) -> 5 | F115: =SUMPRODUCT((acct=$A115)*is_conv*topical*T_ECON) -> 55 | G115: =E115/L115 -> 0.22727273 | H115: =F115/M115 -> 0.28061224 | I115: =(G115-H115)*100 -> -5.3339518 | J115: =IFERROR((E115+(L115-E115)+F115+(M115-F115))*(E115*(M115-F115)-(L115-E115)*F115)^2/((E115+(L115-E115))*(F115+(M115-F115))*(E115+F115)*((L115-E115)+(M115-F115))),"") -> 0.28211428 | K115: =IFERROR(_xlfn.CHISQ.DIST.RT(J115,1),"") -> 0.59531878 | L115: =$D$72 -> 22 | M115: =$G$72 -> 196
A116: FR_EU_rassemblementnational_fr | B116: RN | C116: LAND | D116: Land & environment | E116: =SUMPRODUCT((acct=$A116)*ai_full*topical*T_LAND) -> 5 | F116: =SUMPRODUCT((acct=$A116)*is_conv*topical*T_LAND) -> 45 | G116: =E116/L116 -> 0.22727273 | H116: =F116/M116 -> 0.22959184 | I116: =(G116-H116)*100 -> -0.23191095 | J116: =IFERROR((E116+(L116-E116)+F116+(M116-F116))*(E116*(M116-F116)-(L116-E116)*F116)^2/((E116+(L116-E116))*(F116+(M116-F116))*(E116+F116)*((L116-E116)+(M116-F116))),"") -> 0.00060186412 | K116: =IFERROR(_xlfn.CHISQ.DIST.RT(J116,1),"") -> 0.98042753 | L116: =$D$72 -> 22 | M116: =$G$72 -> 196
A117: FR_EU_rassemblementnational_fr | B117: RN | C117: CULT | D117: Gender & culture | E117: =SUMPRODUCT((acct=$A117)*ai_full*topical*T_CULT) -> 0 | F117: =SUMPRODUCT((acct=$A117)*is_conv*topical*T_CULT) -> 10 | G117: =E117/L117 -> 0 | H117: =F117/M117 -> 0.051020408 | I117: =(G117-H117)*100 -> -5.1020408 | J117: =IFERROR((E117+(L117-E117)+F117+(M117-F117))*(E117*(M117-F117)-(L117-E117)*F117)^2/((E117+(L117-E117))*(F117+(M117-F117))*(E117+F117)*((L117-E117)+(M117-F117))),"") -> 1.1764129 | K117: =IFERROR(_xlfn.CHISQ.DIST.RT(J117,1),"") -> 0.27808748 | L117: =$D$72 -> 22 | M117: =$G$72 -> 196
A118: FR_EU_rassemblementnational_fr | B118: RN | C118: DEF | D118: Defence & foreign | E118: =SUMPRODUCT((acct=$A118)*ai_full*topical*T_DEF) -> 1 | F118: =SUMPRODUCT((acct=$A118)*is_conv*topical*T_DEF) -> 3 | G118: =E118/L118 -> 0.045454545 | H118: =F118/M118 -> 0.015306122 | I118: =(G118-H118)*100 -> 3.0148423 | J118: =IFERROR((E118+(L118-E118)+F118+(M118-F118))*(E118*(M118-F118)-(L118-E118)*F118)^2/((E118+(L118-E118))*(F118+(M118-F118))*(E118+F118)*((L118-E118)+(M118-F118))),"") -> 0.99813821 | K118: =IFERROR(_xlfn.CHISQ.DIST.RT(J118,1),"") -> 0.31776143 | L118: =$D$72 -> 22 | M118: =$G$72 -> 196
A120: Chi-square: Pearson 1 df; indicative where an expected cell < 5.
A122: C5 – Topics per post, AI vs conventional
A126: topics per post | B126: n AI | C126: n conv | D126: share AI | E126: share conv
A127: 0 | B127: {=SUMPRODUCT(is_ai*(n_top=0))} -> 27 | C127: {=SUMPRODUCT(is_conv*(n_top=0))} -> 1281 | D127: =IF($B$133>0,B127/$B$133,0) -> 0.12442396 | E127: =IF($C$133>0,C127/$C$133,0) -> 0.3423303
A128: 1 | B128: {=SUMPRODUCT(is_ai*(n_top=1))} -> 72 | C128: {=SUMPRODUCT(is_conv*(n_top=1))} -> 1289 | D128: =IF($B$133>0,B128/$B$133,0) -> 0.33179724 | E128: =IF($C$133>0,C128/$C$133,0) -> 0.3444682
...

Sheet Register
A1: Every Chapter 4.4 number as a formula cell
A2: All tables are formulas over Register_AI / Register_Conv.
A3: Scene items = branding_only 0 (AI 217, conventional 444). Negative = any slot menace/othering/ridicule/blame/victim; positive = any slot wholesome/heroic and not negative; neutral = neither.
A5: Chi-square: Pearson 1 df, no continuity correction; indicative where an expected cell < 5.
A10: Denominators (scene items)
A11: n AI scene items | B11: =SUM(Register_AI!$P$2:$P$288) -> 217
A12: n conventional scene items | B12: =SUM(Register_Conv!$P$2:$P$487) -> 444
A14: S2. Subject
A15: S2 – Subject shown, slot 1, share of scene items (secondary table; the F2 chart now reads the any-slot table from row 108)
A16: label | B16: n AI | C16: n conv | D16: share AI | E16: share conv | F16: diff (pp) | G16: χ² | H16: p
A17: Own leader | B17: =SUMPRODUCT((Register_AI!$G$2:$G$288="own_leader")*Register_AI!$P$2:$P$288) -> 14 | C17: =SUMPRODUCT((Register_Conv!$G$2:$G$487="own_leader")*Register_Conv!$P$2:$P$487) -> 223 | D17: =B17/$B$11 -> 0.064516129 | E17: =C17/$B$12 -> 0.50225225 | F17: =(D17-E17)*100 -> -43.773612 | G17: =IFERROR((B17+($B$11-B17)+C17+($B$12-C17))*(B17*($B$12-C17)-($B$11-B17)*C17)^2/((B17+($B$11-B17))*(C17+($B$12-C17))*(B17+C17)*(($B$11-B17)+($B$12-C17))),"") -> 121.43804 | H17: =IFERROR(_xlfn.CHISQ.DIST.RT(G17,1),"") -> 3.0642396e-28
A18: Party politician | B18: =SUMPRODUCT((Register_AI!$G$2:$G$288="party_politician")*Register_AI!$P$2:$P$288) -> 0 | C18: =SUMPRODUCT((Register_Conv!$G$2:$G$487="party_politician")*Register_Conv!$P$2:$P$487) -> 47 | D18: =B18/$B$11 -> 0 | E18: =C18/$B$12 -> 0.10585586 | F18: =(D18-E18)*100 -> -10.585586 | G18: =IFERROR((B18+($B$11-B18)+C18+($B$12-C18))*(B18*($B$12-C18)-($B$11-B18)*C18)^2/((B18+($B$11-B18))*(C18+($B$12-C18))*(B18+C18)*(($B$11-B18)+($B$12-C18))),"") -> 24.729066 | H18: =IFERROR(_xlfn.CHISQ.DIST.RT(G18,1),"") -> 6.5981575e-07
A19: Other politician | B19: =SUMPRODUCT((Register_AI!$G$2:$G$288="politician")*Register_AI!$P$2:$P$288) -> 25 | C19: =SUMPRODUCT((Register_Conv!$G$2:$G$487="politician")*Register_Conv!$P$2:$P$487) -> 59 | D19: =B19/$B$11 -> 0.11520737 | E19: =C19/$B$12 -> 0.13288288 | F19: =(D19-E19)*100 -> -1.767551 | G19: =IFERROR((B19+($B$11-B19)+C19+($B$12-C19))*(B19*($B$12-C19)-($B$11-B19)*C19)^2/((B19+($B$11-B19))*(C19+($B$12-C19))*(B19+C19)*(($B$11-B19)+($B$12-C19))),"") -> 0.41051871 | H19: =IFERROR(_xlfn.CHISQ.DIST.RT(G19,1),"") -> 0.52170635
A20: Anonymous individual | B20: =SUMPRODUCT((Register_AI!$G$2:$G$288="individual")*Register_AI!$P$2:$P$288) -> 107 | C20: =SUMPRODUCT((Register_Conv!$G$2:$G$487="individual")*Register_Conv!$P$2:$P$487) -> 39 | D20: =B20/$B$11 -> 0.49308756 | E20: =C20/$B$12 -> 0.087837838 | F20: =(D20-E20)*100 -> 40.524972 | G20: =IFERROR((B20+($B$11-B20)+C20+($B$12-C20))*(B20*($B$12-C20)-($B$11-B20)*C20)^2/((B20+($B$11-B20))*(C20+($B$12-C20))*(B20+C20)*(($B$11-B20)+($B$12-C20))),"") -> 139.10077 | H20: =IFERROR(_xlfn.CHISQ.DIST.RT(G20,1),"") -> 4.1865817e-32
A21: Mass | B21: =SUMPRODUCT((Register_AI!$G$2:$G$288="mass")*Register_AI!$P$2:$P$288) -> 25 | C21: =SUMPRODUCT((Register_Conv!$G$2:$G$487="mass")*Register_Conv!$P$2:$P$487) -> 25 | D21: =B21/$B$11 -> 0.11520737 | E21: =C21/$B$12 -> 0.056306306 | F21: =(D21-E21)*100 -> 5.8901067 | G21: =IFERROR((B21+($B$11-B21)+C21+($B$12-C21))*(B21*($B$12-C21)-($B$11-B21)*C21)^2/((B21+($B$11-B21))*(C21+($B$12-C21))*(B21+C21)*(($B$11-B21)+($B$12-C21))),"") -> 7.2323473 | H21: =IFERROR(_xlfn.CHISQ.DIST.RT(G21,1),"") -> 0.0071601528
A22: Institution | B22: =SUMPRODUCT((Register_AI!$G$2:$G$288="institution")*Register_AI!$P$2:$P$288) -> 12 | C22: =SUMPRODUCT((Register_Conv!$G$2:$G$487="institution")*Register_Conv!$P$2:$P$487) -> 7 | D22: =B22/$B$11 -> 0.055299539 | E22: =C22/$B$12 -> 0.015765766 | F22: =(D22-E22)*100 -> 3.9533773 | G22: =IFERROR((B22+($B$11-B22)+C22+($B$12-C22))*(B22*($B$12-C22)-($B$11-B22)*C22)^2/((B22+($B$11-B22))*(C22+($B$12-C22))*(B22+C22)*(($B$11-B22)+($B$12-C22))),"") -> 8.1600359 | H22: =IFERROR(_xlfn.CHISQ.DIST.RT(G22,1),"") -> 0.0042823523
A23: Economy | B23: =SUMPRODUCT((Register_AI!$G$2:$G$288="economy")*Register_AI!$P$2:$P$288) -> 9 | C23: =SUMPRODUCT((Register_Conv!$G$2:$G$487="economy")*Register_Conv!$P$2:$P$487) -> 4 | D23: =B23/$B$11 -> 0.041474654 | E23: =C23/$B$12 -> 0.009009009 | F23: =(D23-E23)*100 -> 3.2465645 | G23: =IFERROR((B23+($B$11-B23)+C23+($B$12-C23))*(B23*($B$12-C23)-($B$11-B23)*C23)^2/((B23+($B$11-B23))*(C23+($B$12-C23))*(B23+C23)*(($B$11-B23)+($B$12-C23))),"") -> 7.9684506 | H23: =IFERROR(_xlfn.CHISQ.DIST.RT(G23,1),"") -> 0.0047599664
A24: Place | B24: =SUMPRODUCT((Register_AI!$G$2:$G$288="place")*Register_AI!$P$2:$P$288) -> 6 | C24: =SUMPRODUCT((Register_Conv!$G$2:$G$487="place")*Register_Conv!$P$2:$P$487) -> 7 | D24: =B24/$B$11 -> 0.02764977 | E24: =C24/$B$12 -> 0.015765766 | F24: =(D24-E24)*100 -> 1.1884004 | G24: =IFERROR((B24+($B$11-B24)+C24+($B$12-C24))*(B24*($B$12-C24)-($B$11-B24)*C24)^2/((B24+($B$11-B24))*(C24+($B$12-C24))*(B24+C24)*(($B$11-B24)+($B$12-C24))),"") -> 1.0677052 | H24: =IFERROR(_xlfn.CHISQ.DIST.RT(G24,1),"") -> 0.30146436
A25: Object | B25: =SUMPRODUCT((Register_AI!$G$2:$G$288="object")*Register_AI!$P$2:$P$288) -> 17 | C25: =SUMPRODUCT((Register_Conv!$G$2:$G$487="object")*Register_Conv!$P$2:$P$487) -> 21 | D25: =B25/$B$11 -> 0.078341014 | E25: =C25/$B$12 -> 0.047297297 | F25: =(D25-E25)*100 -> 3.1043717 | G25: =IFERROR((B25+($B$11-B25)+C25+($B$12-C25))*(B25*($B$12-C25)-($B$11-B25)*C25)^2/((B25+($B$11-B25))*(C25+($B$12-C25))*(B25+C25)*(($B$11-B25)+($B$12-C25))),"") -> 2.592507 | H25: =IFERROR(_xlfn.CHISQ.DIST.RT(G25,1),"") -> 0.10737027
A26: No subject | B26: =SUMPRODUCT((Register_AI!$G$2:$G$288="none")*Register_AI!$P$2:$P$288) -> 2 | C26: =SUMPRODUCT((Register_Conv!$G$2:$G$487="none")*Register_Conv!$P$2:$P$487) -> 12 | D26: =B26/$B$11 -> 0.0092165899 | E26: =C26/$B$12 -> 0.027027027 | F26: =(D26-E26)*100 -> -1.7810437 | G26: =IFERROR((B26+($B$11-B26)+C26+($B$12-C26))*(B26*($B$12-C26)-($B$11-B26)*C26)^2/((B26+($B$11-B26))*(C26+($B$12-C26))*(B26+C26)*(($B$11-B26)+($B$12-C26))),"") -> 2.2302883 | H26: =IFERROR(_xlfn.CHISQ.DIST.RT(G26,1),"") -> 0.13532859
A27: Own leader in any slot (count / share)
A28: AI | B28: =SUM(Register_AI!$T$2:$T$288) -> 37 | D28: =B28/$B$11 -> 0.17050691
A29: Conventional | B29: =SUM(Register_Conv!$T$2:$T$487) -> 240 | D29: =B29/$B$12 -> 0.54054054
A31: Party politician in any slot (count / share)
A32: AI | B32: =SUMPRODUCT(Register_AI!$P$2:$P$288*(((Register_AI!$G$2:$G$288="party_politician")+(Register_AI!$I$2:$I$288="party_politician")+(Register_AI!$K$2:$K$288="party_politician"))>0)) -> 11 | D32: =B32/$B$11 -> 0.050691244
A33: Conventional | B33: =SUMPRODUCT(Register_Conv!$P$2:$P$487*(((Register_Conv!$G$2:$G$487="party_politician")+(Register_Conv!$I$2:$I$487="party_politician")+(Register_Conv!$K$2:$K$487="party_politician"))>0)) -> 77 | D33: =B33/$B$12 -> 0.17342342
A35: How the subject is treated (predication, slot 1), share of scene items (secondary table; the F3 chart now reads the any-slot table from row 129)
B37: AI-generated n | C37: Conventional n | D37: AI-generated | E37: Conventional
A38: None | B38: =COUNTIFS(Register_AI!$F$2:$F$288,0,Register_AI!$H$2:$H$288,"none") -> 51 | C38: =COUNTIFS(Register_Conv!$F$2:$F$487,0,Register_Conv!$H$2:$H$487,"none") -> 306 | D38: =B38/B$46 -> 0.23502304 | E38: =C38/C$46 -> 0.68918919
A39: Menace | B39: =COUNTIFS(Register_AI!$F$2:$F$288,0,Register_AI!$H$2:$H$288,"menace") -> 39 | C39: =COUNTIFS(Register_Conv!$F$2:$F$487,0,Register_Conv!$H$2:$H$487,"menace") -> 19 | D39: =B39/B$46 -> 0.1797235 | E39: =C39/C$46 -> 0.042792793
A40: Othering | B40: =COUNTIFS(Register_AI!$F$2:$F$288,0,Register_AI!$H$2:$H$288,"othering") -> 15 | C40: =COUNTIFS(Register_Conv!$F$2:$F$487,0,Register_Conv!$H$2:$H$487,"othering") -> 5 | D40: =B40/B$46 -> 0.069124424 | E40: =C40/C$46 -> 0.011261261
A41: Ridicule | B41: =COUNTIFS(Register_AI!$F$2:$F$288,0,Register_AI!$H$2:$H$288,"ridicule") -> 16 | C41: =COUNTIFS(Register_Conv!$F$2:$F$487,0,Register_Conv!$H$2:$H$487,"ridicule") -> 3 | D41: =B41/B$46 -> 0.073732719 | E41: =C41/C$46 -> 0.0067567568
A42: Blame | B42: =COUNTIFS(Register_AI!$F$2:$F$288,0,Register_AI!$H$2:$H$288,"blame") -> 4 | C42: =COUNTIFS(Register_Conv!$F$2:$F$487,0,Register_Conv!$H$2:$H$487,"blame") -> 5 | D42: =B42/B$46 -> 0.01843318 | E42: =C42/C$46 -> 0.011261261
A43: Victim | B43: =COUNTIFS(Register_AI!$F$2:$F$288,0,Register_AI!$H$2:$H$288,"victim") -> 26 | C43: =COUNTIFS(Register_Conv!$F$2:$F$487,0,Register_Conv!$H$2:$H$487,"victim") -> 15 | D43: =B43/B$46 -> 0.11981567 | E43: =C43/C$46 -> 0.033783784
A44: Heroic | B44: =COUNTIFS(Register_AI!$F$2:$F$288,0,Register_AI!$H$2:$H$288,"heroic") -> 9 | C44: =COUNTIFS(Register_Conv!$F$2:$F$487,0,Register_Conv!$H$2:$H$487,"heroic") -> 41 | D44: =B44/B$46 -> 0.041474654 | E44: =C44/C$46 -> 0.092342342
A45: Wholesome | B45: =COUNTIFS(Register_AI!$F$2:$F$288,0,Register_AI!$H$2:$H$288,"wholesome") -> 57 | C45: =COUNTIFS(Register_Conv!$F$2:$F$487,0,Register_Conv!$H$2:$H$487,"wholesome") -> 50 | D45: =B45/B$46 -> 0.26267281 | E45: =C45/C$46 -> 0.11261261
A46: Base (n) | B46: =COUNTIFS(Register_AI!$F$2:$F$288,0) -> 217 | C46: =COUNTIFS(Register_Conv!$F$2:$F$487,0) -> 444
A57: S3. Imagery treatment
A58: S3b – Imagery treatment, any slot
A59: label | B59: n AI | C59: n conv | D59: share AI | E59: share conv | F59: diff (pp) | G59: χ² | H59: p
A60: Negative imagery (any slot) | B60: =SUM(Register_AI!$Q$2:$Q$288) -> 113 | C60: =SUM(Register_Conv!$Q$2:$Q$487) -> 61 | D60: =B60/$B$11 -> 0.52073733 | E60: =C60/$B$12 -> 0.13738739 | F60: =(D60-E60)*100 -> 38.334994 | G60: =IFERROR((B60+($B$11-B60)+C60+($B$12-C60))*(B60*($B$12-C60)-($B$11-B60)*C60)^2/((B60+($B$11-B60))*(C60+($B$12-C60))*(B60+C60)*(($B$11-B60)+($B$12-C60))),"") -> 110.44772 | H60: =IFERROR(_xlfn.CHISQ.DIST.RT(G60,1),"") -> 7.8180291e-26
A61: Neutral imagery | B61: =SUM(Register_AI!$S$2:$S$288) -> 41 | C61: =SUM(Register_Conv!$S$2:$S$487) -> 284 | D61: =B61/$B$11 -> 0.18894009 | E61: =C61/$B$12 -> 0.63963964 | F61: =(D61-E61)*100 -> -45.069955 | G61: =IFERROR((B61+($B$11-B61)+C61+($B$12-C61))*(B61*($B$12-C61)-($B$11-B61)*C61)^2/((B61+($B$11-B61))*(C61+($B$12-C61))*(B61+C61)*(($B$11-B61)+($B$12-C61))),"") -> 118.46656 | H61: =IFERROR(_xlfn.CHISQ.DIST.RT(G61,1),"") -> 1.3704538e-27
A62: Positive imagery (any slot) | B62: =SUM(Register_AI!$R$2:$R$288) -> 63 | C62: =SUM(Register_Conv!$R$2:$R$487) -> 99 | D62: =B62/$B$11 -> 0.29032258 | E62: =C62/$B$12 -> 0.22297297 | F62: =(D62-E62)*100 -> 6.7349608 | G62: =IFERROR((B62+($B$11-B62)+C62+($B$12-C62))*(B62*($B$12-C62)-($B$11-B62)*C62)^2/((B62+($B$11-B62))*(C62+($B$12-C62))*(B62+C62)*(($B$11-B62)+($B$12-C62))),"") -> 3.5735408 | H62: =IFERROR(_xlfn.CHISQ.DIST.RT(G62,1),"") -> 0.058707006
A64: F6. Subject by predication, all three slots, counts.
A66: AI-generated
B67: None | C67: Menace | D67: Othering | E67: Ridicule | F67: Blame | G67: Victim | H67: Heroic | I67: Wholesome | J67: Total | N67: Individual Victim %
A68: Own leader | B68: =COUNTIFS(Register_AI!$G$2:$G$288,"own_leader",Register_AI!$H$2:$H$288,"none")+COUNTIFS(Register_AI!$I$2:$I$288,"own_leader",Register_AI!$J$2:$J$288,"none")+COUNTIFS(Register_AI!$K$2:$K$288,"own_leader",Register_AI!$L$2:$L$288,"none") -> 34 | C68: =COUNTIFS(Register_AI!$G$2:$G$288,"own_leader",Register_AI!$H$2:$H$288,"menace")+COUNTIFS(Register_AI!$I$2:$I$288,"own_leader",Register_AI!$J$2:$J$288,"menace")+COUNTIFS(Register_AI!$K$2:$K$288,"own_leader",Register_AI!$L$2:$L$288,"menace") -> 0 | D68: =COUNTIFS(Register_AI!$G$2:$G$288,"own_leader",Register_AI!$H$2:$H$288,"othering")+COUNTIFS(Register_AI!$I$2:$I$288,"own_leader",Register_AI!$J$2:$J$288,"othering")+COUNTIFS(Register_AI!$K$2:$K$288,"own_leader",Register_AI!$L$2:$L$288,"othering") -> 0 | E68: =COUNTIFS(Register_AI!$G$2:$G$288,"own_leader",Register_AI!$H$2:$H$288,"ridicule")+COUNTIFS(Register_AI!$I$2:$I$288,"own_leader",Register_AI!$J$2:$J$288,"ridicule")+COUNTIFS(Register_AI!$K$2:$K$288,"own_leader",Register_AI!$L$2:$L$288,"ridicule") -> 0 | F68: =COUNTIFS(Register_AI!$G$2:$G$288,"own_leader",Register_AI!$H$2:$H$288,"blame")+COUNTIFS(Register_AI!$I$2:$I$288,"own_leader",Register_AI!$J$2:$J$288,"blame")+COUNTIFS(Register_AI!$K$2:$K$288,"own_leader",Register_AI!$L$2:$L$288,"blame") -> 0 | G68: =COUNTIFS(Register_AI!$G$2:$G$288,"own_leader",Register_AI!$H$2:$H$288,"victim")+COUNTIFS(Register_AI!$I$2:$I$288,"own_leader",Register_AI!$J$2:$J$288,"victim")+COUNTIFS(Register_AI!$K$2:$K$288,"own_leader",Register_AI!$L$2:$L$288,"victim") -> 1 | H68: =COUNTIFS(Register_AI!$G$2:$G$288,"own_leader",Register_AI!$H$2:$H$288,"heroic")+COUNTIFS(Register_AI!$I$2:$I$288,"own_leader",Register_AI!$J$2:$J$288,"heroic")+COUNTIFS(Register_AI!$K$2:$K$288,"own_leader",Register_AI!$L$2:$L$288,"heroic") -> 7 | I68: =COUNTIFS(Register_AI!$G$2:$G$288,"own_leader",Register_AI!$H$2:$H$288,"wholesome")+COUNTIFS(Register_AI!$I$2:$I$288,"own_leader",Register_AI!$J$2:$J$288,"wholesome")+COUNTIFS(Register_AI!$K$2:$K$288,"own_leader",Register_AI!$L$2:$L$288,"wholesome") -> 1 | J68: =SUM(B68:I68) -> 43 | N68: =G71/G77 -> 0.45454545
A69: Party politician | B69: =COUNTIFS(Register_AI!$G$2:$G$288,"party_politician",Register_AI!$H$2:$H$288,"none")+COUNTIFS(Register_AI!$I$2:$I$288,"party_politician",Register_AI!$J$2:$J$288,"none")+COUNTIFS(Register_AI!$K$2:$K$288,"party_politician",Register_AI!$L$2:$L$288,"none") -> 7 | C69: =COUNTIFS(Register_AI!$G$2:$G$288,"party_politician",Register_AI!$H$2:$H$288,"menace")+COUNTIFS(Register_AI!$I$2:$I$288,"party_politician",Register_AI!$J$2:$J$288,"menace")+COUNTIFS(Register_AI!$K$2:$K$288,"party_politician",Register_AI!$L$2:$L$288,"menace") -> 0 | D69: =COUNTIFS(Register_AI!$G$2:$G$288,"party_politician",Register_AI!$H$2:$H$288,"othering")+COUNTIFS(Register_AI!$I$2:$I$288,"party_politician",Register_AI!$J$2:$J$288,"othering")+COUNTIFS(Register_AI!$K$2:$K$288,"party_politician",Register_AI!$L$2:$L$288,"othering") -> 0 | E69: =COUNTIFS(Register_AI!$G$2:$G$288,"party_politician",Register_AI!$H$2:$H$288,"ridicule")+COUNTIFS(Register_AI!$I$2:$I$288,"party_politician",Register_AI!$J$2:$J$288,"ridicule")+COUNTIFS(Register_AI!$K$2:$K$288,"party_politician",Register_AI!$L$2:$L$288,"ridicule") -> 0 | F69: =COUNTIFS(Register_AI!$G$2:$G$288,"party_politician",Register_AI!$H$2:$H$288,"blame")+COUNTIFS(Register_AI!$I$2:$I$288,"party_politician",Register_AI!$J$2:$J$288,"blame")+COUNTIFS(Register_AI!$K$2:$K$288,"party_politician",Register_AI!$L$2:$L$288,"blame") -> 0 | G69: =COUNTIFS(Register_AI!$G$2:$G$288,"party_politician",Register_AI!$H$2:$H$288,"victim")+COUNTIFS(Register_AI!$I$2:$I$288,"party_politician",Register_AI!$J$2:$J$288,"victim")+COUNTIFS(Register_AI!$K$2:$K$288,"party_politician",Register_AI!$L$2:$L$288,"victim") -> 2 | H69: =COUNTIFS(Register_AI!$G$2:$G$288,"party_politician",Register_AI!$H$2:$H$288,"heroic")+COUNTIFS(Register_AI!$I$2:$I$288,"party_politician",Register_AI!$J$2:$J$288,"heroic")+COUNTIFS(Register_AI!$K$2:$K$288,"party_politician",Register_AI!$L$2:$L$288,"heroic") -> 2 | I69: =COUNTIFS(Register_AI!$G$2:$G$288,"party_politician",Register_AI!$H$2:$H$288,"wholesome")+COUNTIFS(Register_AI!$I$2:$I$288,"party_politician",Register_AI!$J$2:$J$288,"wholesome")+COUNTIFS(Register_AI!$K$2:$K$288,"party_politician",Register_AI!$L$2:$L$288,"wholesome") -> 0 | J69: =SUM(B69:I69) -> 11
A70: Other politician | B70: =COUNTIFS(Register_AI!$G$2:$G$288,"politician",Register_AI!$H$2:$H$288,"none")+COUNTIFS(Register_AI!$I$2:$I$288,"politician",Register_AI!$J$2:$J$288,"none")+COUNTIFS(Register_AI!$K$2:$K$288,"politician",Register_AI!$L$2:$L$288,"none") -> 23 | C70: =COUNTIFS(Register_AI!$G$2:$G$288,"politician",Register_AI!$H$2:$H$288,"menace")+COUNTIFS(Register_AI!$I$2:$I$288,"politician",Register_AI!$J$2:$J$288,"menace")+COUNTIFS(Register_AI!$K$2:$K$288,"politician",Register_AI!$L$2:$L$288,"menace") -> 0 | D70: =COUNTIFS(Register_AI!$G$2:$G$288,"politician",Register_AI!$H$2:$H$288,"othering")+COUNTIFS(Register_AI!$I$2:$I$288,"politician",Register_AI!$J$2:$J$288,"othering")+COUNTIFS(Register_AI!$K$2:$K$288,"politician",Register_AI!$L$2:$L$288,"othering") -> 0 | E70: =COUNTIFS(Register_AI!$G$2:$G$288,"politician",Register_AI!$H$2:$H$288,"ridicule")+COUNTIFS(Register_AI!$I$2:$I$288,"politician",Register_AI!$J$2:$J$288,"ridicule")+COUNTIFS(Register_AI!$K$2:$K$288,"politician",Register_AI!$L$2:$L$288,"ridicule") -> 10 | F70: =COUNTIFS(Register_AI!$G$2:$G$288,"politician",Register_AI!$H$2:$H$288,"blame")+COUNTIFS(Register_AI!$I$2:$I$288,"politician",Register_AI!$J$2:$J$288,"blame")+COUNTIFS(Register_AI!$K$2:$K$288,"politician",Register_AI!$L$2:$L$288,"blame") -> 25 | G70: =COUNTIFS(Register_AI!$G$2:$G$288,"politician",Register_AI!$H$2:$H$288,"victim")+COUNTIFS(Register_AI!$I$2:$I$288,"politician",Register_AI!$J$2:$J$288,"victim")+COUNTIFS(Register_AI!$K$2:$K$288,"politician",Register_AI!$L$2:$L$288,"victim") -> 0 | H70: =COUNTIFS(Register_AI!$G$2:$G$288,"politician",Register_AI!$H$2:$H$288,"heroic")+COUNTIFS(Register_AI!$I$2:$I$288,"politician",Register_AI!$J$2:$J$288,"heroic")+COUNTIFS(Register_AI!$K$2:$K$288,"politician",Register_AI!$L$2:$L$288,"heroic") -> 1 | I70: =COUNTIFS(Register_AI!$G$2:$G$288,"politician",Register_AI!$H$2:$H$288,"wholesome")+COUNTIFS(Register_AI!$I$2:$I$288,"politician",Register_AI!$J$2:$J$288,"wholesome")+COUNTIFS(Register_AI!$K$2:$K$288,"politician",Register_AI!$L$2:$L$288,"wholesome") -> 0 | J70: =SUM(B70:I70) -> 59
A71: Individual | B71: =COUNTIFS(Register_AI!$G$2:$G$288,"individual",Register_AI!$H$2:$H$288,"none")+COUNTIFS(Register_AI!$I$2:$I$288,"individual",Register_AI!$J$2:$J$288,"none")+COUNTIFS(Register_AI!$K$2:$K$288,"individual",Register_AI!$L$2:$L$288,"none") -> 27 | C71: =COUNTIFS(Register_AI!$G$2:$G$288,"individual",Register_AI!$H$2:$H$288,"menace")+COUNTIFS(Register_AI!$I$2:$I$288,"individual",Register_AI!$J$2:$J$288,"menace")+COUNTIFS(Register_AI!$K$2:$K$288,"individual",Register_AI!$L$2:$L$288,"menace") -> 13 | D71: =COUNTIFS(Register_AI!$G$2:$G$288,"individual",Register_AI!$H$2:$H$288,"othering")+COUNTIFS(Register_AI!$I$2:$I$288,"individual",Register_AI!$J$2:$J$288,"othering")+COUNTIFS(Register_AI!$K$2:$K$288,"individual",Register_AI!$L$2:$L$288,"othering") -> 16 | E71: =COUNTIFS(Register_AI!$G$2:$G$288,"individual",Register_AI!$H$2:$H$288,"ridicule")+COUNTIFS(Register_AI!$I$2:$I$288,"individual",Register_AI!$J$2:$J$288,"ridicule")+COUNTIFS(Register_AI!$K$2:$K$288,"individual",Register_AI!$L$2:$L$288,"ridicule") -> 5 | F71: =COUNTIFS(Register_AI!$G$2:$G$288,"individual",Register_AI!$H$2:$H$288,"blame")+COUNTIFS(Register_AI!$I$2:$I$288,"individual",Register_AI!$J$2:$J$288,"blame")+COUNTIFS(Register_AI!$K$2:$K$288,"individual",Register_AI!$L$2:$L$288,"blame") -> 0 | G71: =COUNTIFS(Register_AI!$G$2:$G$288,"individual",Register_AI!$H$2:$H$288,"victim")+COUNTIFS(Register_AI!$I$2:$I$288,"individual",Register_AI!$J$2:$J$288,"victim")+COUNTIFS(Register_AI!$K$2:$K$288,"individual",Register_AI!$L$2:$L$288,"victim") -> 20 | H71: =COUNTIFS(Register_AI!$G$2:$G$288,"individual",Register_AI!$H$2:$H$288,"heroic")+COUNTIFS(Register_AI!$I$2:$I$288,"individual",Register_AI!$J$2:$J$288,"heroic")+COUNTIFS(Register_AI!$K$2:$K$288,"individual",Register_AI!$L$2:$L$288,"heroic") -> 5 | I71: =COUNTIFS(Register_AI!$G$2:$G$288,"individual",Register_AI!$H$2:$H$288,"wholesome")+COUNTIFS(Register_AI!$I$2:$I$288,"individual",Register_AI!$J$2:$J$288,"wholesome")+COUNTIFS(Register_AI!$K$2:$K$288,"individual",Register_AI!$L$2:$L$288,"wholesome") -> 60 | J71: =SUM(B71:I71) -> 146 | N71: mass %
A72: Mass | B72: =COUNTIFS(Register_AI!$G$2:$G$288,"mass",Register_AI!$H$2:$H$288,"none")+COUNTIFS(Register_AI!$I$2:$I$288,"mass",Register_AI!$J$2:$J$288,"none")+COUNTIFS(Register_AI!$K$2:$K$288,"mass",Register_AI!$L$2:$L$288,"none") -> 4 | C72: =COUNTIFS(Register_AI!$G$2:$G$288,"mass",Register_AI!$H$2:$H$288,"menace")+COUNTIFS(Register_AI!$I$2:$I$288,"mass",Register_AI!$J$2:$J$288,"menace")+COUNTIFS(Register_AI!$K$2:$K$288,"mass",Register_AI!$L$2:$L$288,"menace") -> 25 | D72: =COUNTIFS(Register_AI!$G$2:$G$288,"mass",Register_AI!$H$2:$H$288,"othering")+COUNTIFS(Register_AI!$I$2:$I$288,"mass",Register_AI!$J$2:$J$288,"othering")+COUNTIFS(Register_AI!$K$2:$K$288,"mass",Register_AI!$L$2:$L$288,"othering") -> 2 | E72: =COUNTIFS(Register_AI!$G$2:$G$288,"mass",Register_AI!$H$2:$H$288,"ridicule")+COUNTIFS(Register_AI!$I$2:$I$288,"mass",Register_AI!$J$2:$J$288,"ridicule")+COUNTIFS(Register_AI!$K$2:$K$288,"mass",Register_AI!$L$2:$L$288,"ridicule") -> 0 | F72: =COUNTIFS(Register_AI!$G$2:$G$288,"mass",Register_AI!$H$2:$H$288,"blame")+COUNTIFS(Register_AI!$I$2:$I$288,"mass",Register_AI!$J$2:$J$288,"blame")+COUNTIFS(Register_AI!$K$2:$K$288,"mass",Register_AI!$L$2:$L$288,"blame") -> 1 | G72: =COUNTIFS(Register_AI!$G$2:$G$288,"mass",Register_AI!$H$2:$H$288,"victim")+COUNTIFS(Register_AI!$I$2:$I$288,"mass",Register_AI!$J$2:$J$288,"victim")+COUNTIFS(Register_AI!$K$2:$K$288,"mass",Register_AI!$L$2:$L$288,"victim") -> 0 | H72: =COUNTIFS(Register_AI!$G$2:$G$288,"mass",Register_AI!$H$2:$H$288,"heroic")+COUNTIFS(Register_AI!$I$2:$I$288,"mass",Register_AI!$J$2:$J$288,"heroic")+COUNTIFS(Register_AI!$K$2:$K$288,"mass",Register_AI!$L$2:$L$288,"heroic") -> 0 | I72: =COUNTIFS(Register_AI!$G$2:$G$288,"mass",Register_AI!$H$2:$H$288,"wholesome")+COUNTIFS(Register_AI!$I$2:$I$288,"mass",Register_AI!$J$2:$J$288,"wholesome")+COUNTIFS(Register_AI!$K$2:$K$288,"mass",Register_AI!$L$2:$L$288,"wholesome") -> 3 | J72: =SUM(B72:I72) -> 35 | N72: =C72/J72 -> 0.71428571
A73: Institution | B73: =COUNTIFS(Register_AI!$G$2:$G$288,"institution",Register_AI!$H$2:$H$288,"none")+COUNTIFS(Register_AI!$I$2:$I$288,"institution",Register_AI!$J$2:$J$288,"none")+COUNTIFS(Register_AI!$K$2:$K$288,"institution",Register_AI!$L$2:$L$288,"none") -> 2 | C73: =COUNTIFS(Register_AI!$G$2:$G$288,"institution",Register_AI!$H$2:$H$288,"menace")+COUNTIFS(Register_AI!$I$2:$I$288,"institution",Register_AI!$J$2:$J$288,"menace")+COUNTIFS(Register_AI!$K$2:$K$288,"institution",Register_AI!$L$2:$L$288,"menace") -> 5 | D73: =COUNTIFS(Register_AI!$G$2:$G$288,"institution",Register_AI!$H$2:$H$288,"othering")+COUNTIFS(Register_AI!$I$2:$I$288,"institution",Register_AI!$J$2:$J$288,"othering")+COUNTIFS(Register_AI!$K$2:$K$288,"institution",Register_AI!$L$2:$L$288,"othering") -> 1 | E73: =COUNTIFS(Register_AI!$G$2:$G$288,"institution",Register_AI!$H$2:$H$288,"ridicule")+COUNTIFS(Register_AI!$I$2:$I$288,"institution",Register_AI!$J$2:$J$288,"ridicule")+COUNTIFS(Register_AI!$K$2:$K$288,"institution",Register_AI!$L$2:$L$288,"ridicule") -> 3 | F73: =COUNTIFS(Register_AI!$G$2:$G$288,"institution",Register_AI!$H$2:$H$288,"blame")+COUNTIFS(Register_AI!$I$2:$I$288,"institution",Register_AI!$J$2:$J$288,"blame")+COUNTIFS(Register_AI!$K$2:$K$288,"institution",Register_AI!$L$2:$L$288,"blame") -> 2 | G73: =COUNTIFS(Register_AI!$G$2:$G$288,"institution",Register_AI!$H$2:$H$288,"victim")+COUNTIFS(Register_AI!$I$2:$I$288,"institution",Register_AI!$J$2:$J$288,"victim")+COUNTIFS(Register_AI!$K$2:$K$288,"institution",Register_AI!$L$2:$L$288,"victim") -> 2 | H73: =COUNTIFS(Register_AI!$G$2:$G$288,"institution",Register_AI!$H$2:$H$288,"heroic")+COUNTIFS(Register_AI!$I$2:$I$288,"institution",Register_AI!$J$2:$J$288,"heroic")+COUNTIFS(Register_AI!$K$2:$K$288,"institution",Register_AI!$L$2:$L$288,"heroic") -> 1 | I73: =COUNTIFS(Register_AI!$G$2:$G$288,"institution",Register_AI!$H$2:$H$288,"wholesome")+COUNTIFS(Register_AI!$I$2:$I$288,"institution",Register_AI!$J$2:$J$288,"wholesome")+COUNTIFS(Register_AI!$K$2:$K$288,"institution",Register_AI!$L$2:$L$288,"wholesome") -> 0 | J73: =SUM(B73:I73) -> 16
A74: Economy | B74: =COUNTIFS(Register_AI!$G$2:$G$288,"economy",Register_AI!$H$2:$H$288,"none")+COUNTIFS(Register_AI!$I$2:$I$288,"economy",Register_AI!$J$2:$J$288,"none")+COUNTIFS(Register_AI!$K$2:$K$288,"economy",Register_AI!$L$2:$L$288,"none") -> 4 | C74: =COUNTIFS(Register_AI!$G$2:$G$288,"economy",Register_AI!$H$2:$H$288,"menace")+COUNTIFS(Register_AI!$I$2:$I$288,"economy",Register_AI!$J$2:$J$288,"menace")+COUNTIFS(Register_AI!$K$2:$K$288,"economy",Register_AI!$L$2:$L$288,"menace") -> 0 | D74: =COUNTIFS(Register_AI!$G$2:$G$288,"economy",Register_AI!$H$2:$H$288,"othering")+COUNTIFS(Register_AI!$I$2:$I$288,"economy",Register_AI!$J$2:$J$288,"othering")+COUNTIFS(Register_AI!$K$2:$K$288,"economy",Register_AI!$L$2:$L$288,"othering") -> 0 | E74: =COUNTIFS(Register_AI!$G$2:$G$288,"economy",Register_AI!$H$2:$H$288,"ridicule")+COUNTIFS(Register_AI!$I$2:$I$288,"economy",Register_AI!$J$2:$J$288,"ridicule")+COUNTIFS(Register_AI!$K$2:$K$288,"economy",Register_AI!$L$2:$L$288,"ridicule") -> 0 | F74: =COUNTIFS(Register_AI!$G$2:$G$288,"economy",Register_AI!$H$2:$H$288,"blame")+COUNTIFS(Register_AI!$I$2:$I$288,"economy",Register_AI!$J$2:$J$288,"blame")+COUNTIFS(Register_AI!$K$2:$K$288,"economy",Register_AI!$L$2:$L$288,"blame") -> 0 | G74: =COUNTIFS(Register_AI!$G$2:$G$288,"economy",Register_AI!$H$2:$H$288,"victim")+COUNTIFS(Register_AI!$I$2:$I$288,"economy",Register_AI!$J$2:$J$288,"victim")+COUNTIFS(Register_AI!$K$2:$K$288,"economy",Register_AI!$L$2:$L$288,"victim") -> 5 | H74: =COUNTIFS(Register_AI!$G$2:$G$288,"economy",Register_AI!$H$2:$H$288,"heroic")+COUNTIFS(Register_AI!$I$2:$I$288,"economy",Register_AI!$J$2:$J$288,"heroic")+COUNTIFS(Register_AI!$K$2:$K$288,"economy",Register_AI!$L$2:$L$288,"heroic") -> 1 | I74: =COUNTIFS(Register_AI!$G$2:$G$288,"economy",Register_AI!$H$2:$H$288,"wholesome")+COUNTIFS(Register_AI!$I$2:$I$288,"economy",Register_AI!$J$2:$J$288,"wholesome")+COUNTIFS(Register_AI!$K$2:$K$288,"economy",Register_AI!$L$2:$L$288,"wholesome") -> 0 | J74: =SUM(B74:I74) -> 10
A75: Place | B75: =COUNTIFS(Register_AI!$G$2:$G$288,"place",Register_AI!$H$2:$H$288,"none")+COUNTIFS(Register_AI!$I$2:$I$288,"place",Register_AI!$J$2:$J$288,"none")+COUNTIFS(Register_AI!$K$2:$K$288,"place",Register_AI!$L$2:$L$288,"none") -> 1 | C75: =COUNTIFS(Register_AI!$G$2:$G$288,"place",Register_AI!$H$2:$H$288,"menace")+COUNTIFS(Register_AI!$I$2:$I$288,"place",Register_AI!$J$2:$J$288,"menace")+COUNTIFS(Register_AI!$K$2:$K$288,"place",Register_AI!$L$2:$L$288,"menace") -> 0 | D75: =COUNTIFS(Register_AI!$G$2:$G$288,"place",Register_AI!$H$2:$H$288,"othering")+COUNTIFS(Register_AI!$I$2:$I$288,"place",Register_AI!$J$2:$J$288,"othering")+COUNTIFS(Register_AI!$K$2:$K$288,"place",Register_AI!$L$2:$L$288,"othering") -> 0 | E75: =COUNTIFS(Register_AI!$G$2:$G$288,"place",Register_AI!$H$2:$H$288,"ridicule")+COUNTIFS(Register_AI!$I$2:$I$288,"place",Register_AI!$J$2:$J$288,"ridicule")+COUNTIFS(Register_AI!$K$2:$K$288,"place",Register_AI!$L$2:$L$288,"ridicule") -> 0 | F75: =COUNTIFS(Register_AI!$G$2:$G$288,"place",Register_AI!$H$2:$H$288,"blame")+COUNTIFS(Register_AI!$I$2:$I$288,"place",Register_AI!$J$2:$J$288,"blame")+COUNTIFS(Register_AI!$K$2:$K$288,"place",Register_AI!$L$2:$L$288,"blame") -> 0 | G75: =COUNTIFS(Register_AI!$G$2:$G$288,"place",Register_AI!$H$2:$H$288,"victim")+COUNTIFS(Register_AI!$I$2:$I$288,"place",Register_AI!$J$2:$J$288,"victim")+COUNTIFS(Register_AI!$K$2:$K$288,"place",Register_AI!$L$2:$L$288,"victim") -> 8 | H75: =COUNTIFS(Register_AI!$G$2:$G$288,"place",Register_AI!$H$2:$H$288,"heroic")+COUNTIFS(Register_AI!$I$2:$I$288,"place",Register_AI!$J$2:$J$288,"heroic")+COUNTIFS(Register_AI!$K$2:$K$288,"place",Register_AI!$L$2:$L$288,"heroic") -> 0 | I75: =COUNTIFS(Register_AI!$G$2:$G$288,"place",Register_AI!$H$2:$H$288,"wholesome")+COUNTIFS(Register_AI!$I$2:$I$288,"place",Register_AI!$J$2:$J$288,"wholesome")+COUNTIFS(Register_AI!$K$2:$K$288,"place",Register_AI!$L$2:$L$288,"wholesome") -> 3 | J75: =SUM(B75:I75) -> 12
A76: Object | B76: =COUNTIFS(Register_AI!$G$2:$G$288,"object",Register_AI!$H$2:$H$288,"none")+COUNTIFS(Register_AI!$I$2:$I$288,"object",Register_AI!$J$2:$J$288,"none")+COUNTIFS(Register_AI!$K$2:$K$288,"object",Register_AI!$L$2:$L$288,"none") -> 8 | C76: =COUNTIFS(Register_AI!$G$2:$G$288,"object",Register_AI!$H$2:$H$288,"menace")+COUNTIFS(Register_AI!$I$2:$I$288,"object",Register_AI!$J$2:$J$288,"menace")+COUNTIFS(Register_AI!$K$2:$K$288,"object",Register_AI!$L$2:$L$288,"menace") -> 10 | D76: =COUNTIFS(Register_AI!$G$2:$G$288,"object",Register_AI!$H$2:$H$288,"othering")+COUNTIFS(Register_AI!$I$2:$I$288,"object",Register_AI!$J$2:$J$288,"othering")+COUNTIFS(Register_AI!$K$2:$K$288,"object",Register_AI!$L$2:$L$288,"othering") -> 1 | E76: =COUNTIFS(Register_AI!$G$2:$G$288,"object",Register_AI!$H$2:$H$288,"ridicule")+COUNTIFS(Register_AI!$I$2:$I$288,"object",Register_AI!$J$2:$J$288,"ridicule")+COUNTIFS(Register_AI!$K$2:$K$288,"object",Register_AI!$L$2:$L$288,"ridicule") -> 0 | F76: =COUNTIFS(Register_AI!$G$2:$G$288,"object",Register_AI!$H$2:$H$288,"blame")+COUNTIFS(Register_AI!$I$2:$I$288,"object",Register_AI!$J$2:$J$288,"blame")+COUNTIFS(Register_AI!$K$2:$K$288,"object",Register_AI!$L$2:$L$288,"blame") -> 1 | G76: =COUNTIFS(Register_AI!$G$2:$G$288,"object",Register_AI!$H$2:$H$288,"victim")+COUNTIFS(Register_AI!$I$2:$I$288,"object",Register_AI!$J$2:$J$288,"victim")+COUNTIFS(Register_AI!$K$2:$K$288,"object",Register_AI!$L$2:$L$288,"victim") -> 6 | H76: =COUNTIFS(Register_AI!$G$2:$G$288,"object",Register_AI!$H$2:$H$288,"heroic")+COUNTIFS(Register_AI!$I$2:$I$288,"object",Register_AI!$J$2:$J$288,"heroic")+COUNTIFS(Register_AI!$K$2:$K$288,"object",Register_AI!$L$2:$L$288,"heroic") -> 0 | I76: =COUNTIFS(Register_AI!$G$2:$G$288,"object",Register_AI!$H$2:$H$288,"wholesome")+COUNTIFS(Register_AI!$I$2:$I$288,"object",Register_AI!$J$2:$J$288,"wholesome")+COUNTIFS(Register_AI!$K$2:$K$288,"object",Register_AI!$L$2:$L$288,"wholesome") -> 9 | J76: =SUM(B76:I76) -> 35
B77: =SUM(B68:B76) -> 110 | C77: =SUM(C68:C76) -> 53 | D77: =SUM(D68:D76) -> 20 | E77: =SUM(E68:E76) -> 18 | F77: =SUM(F68:F76) -> 29 | G77: =SUM(G68:G76) -> 44 | H77: =SUM(H68:H76) -> 17 | I77: =SUM(I68:I76) -> 76 | J77: =SUM(J68:J76) -> 367
A78: Conventional
B79: None | C79: Menace | D79: Othering | E79: Ridicule | F79: Blame | G79: Victim | H79: Heroic | I79: Wholesome | J79: Total | M79: None | N79: Menace | O79: Othering | P79: Ridicule | Q79: Blame | R79: Victim | S79: Heroic | T79: Wholesome | U79: Total
A80: Own leader | B80: =COUNTIFS(Register_Conv!$G$2:$G$487,"own_leader",Register_Conv!$H$2:$H$487,"none")+COUNTIFS(Register_Conv!$I$2:$I$487,"own_leader",Register_Conv!$J$2:$J$487,"none")+COUNTIFS(Register_Conv!$K$2:$K$487,"own_leader",Register_Conv!$L$2:$L$487,"none") -> 181 | C80: =COUNTIFS(Register_Conv!$G$2:$G$487,"own_leader",Register_Conv!$H$2:$H$487,"menace")+COUNTIFS(Register_Conv!$I$2:$I$487,"own_leader",Register_Conv!$J$2:$J$487,"menace")+COUNTIFS(Register_Conv!$K$2:$K$487,"own_leader",Register_Conv!$L$2:$L$487,"menace") -> 0 | D80: =COUNTIFS(Register_Conv!$G$2:$G$487,"own_leader",Register_Conv!$H$2:$H$487,"othering")+COUNTIFS(Register_Conv!$I$2:$I$487,"own_leader",Register_Conv!$J$2:$J$487,"othering")+COUNTIFS(Register_Conv!$K$2:$K$487,"own_leader",Register_Conv!$L$2:$L$487,"othering") -> 0 | E80: =COUNTIFS(Register_Conv!$G$2:$G$487,"own_leader",Register_Conv!$H$2:$H$487,"ridicule")+COUNTIFS(Register_Conv!$I$2:$I$487,"own_leader",Register_Conv!$J$2:$J$487,"ridicule")+COUNTIFS(Register_Conv!$K$2:$K$487,"own_leader",Register_Conv!$L$2:$L$487,"ridicule") -> 0 | F80: =COUNTIFS(Register_Conv!$G$2:$G$487,"own_leader",Register_Conv!$H$2:$H$487,"blame")+COUNTIFS(Register_Conv!$I$2:$I$487,"own_leader",Register_Conv!$J$2:$J$487,"blame")+COUNTIFS(Register_Conv!$K$2:$K$487,"own_leader",Register_Conv!$L$2:$L$487,"blame") -> 0 | G80: =COUNTIFS(Register_Conv!$G$2:$G$487,"own_leader",Register_Conv!$H$2:$H$487,"victim")+COUNTIFS(Register_Conv!$I$2:$I$487,"own_leader",Register_Conv!$J$2:$J$487,"victim")+COUNTIFS(Register_Conv!$K$2:$K$487,"own_leader",Register_Conv!$L$2:$L$487,"victim") -> 0 | H80: =COUNTIFS(Register_Conv!$G$2:$G$487,"own_leader",Register_Conv!$H$2:$H$487,"heroic")+COUNTIFS(Register_Conv!$I$2:$I$487,"own_leader",Register_Conv!$J$2:$J$487,"heroic")+COUNTIFS(Register_Conv!$K$2:$K$487,"own_leader",Register_Conv!$L$2:$L$487,"heroic") -> 28 | I80: =COUNTIFS(Register_Conv!$G$2:$G$487,"own_leader",Register_Conv!$H$2:$H$487,"wholesome")+COUNTIFS(Register_Conv!$I$2:$I$487,"own_leader",Register_Conv!$J$2:$J$487,"wholesome")+COUNTIFS(Register_Conv!$K$2:$K$487,"own_leader",Register_Conv!$L$2:$L$487,"wholesome") -> 32 | J80: =SUM(B80:I80) -> 241 | L80: Own leader
A81: Party politician | B81: =COUNTIFS(Register_Conv!$G$2:$G$487,"party_politician",Register_Conv!$H$2:$H$487,"none")+COUNTIFS(Register_Conv!$I$2:$I$487,"party_politician",Register_Conv!$J$2:$J$487,"none")+COUNTIFS(Register_Conv!$K$2:$K$487,"party_politician",Register_Conv!$L$2:$L$487,"none") -> 53 | C81: =COUNTIFS(Register_Conv!$G$2:$G$487,"party_politician",Register_Conv!$H$2:$H$487,"menace")+COUNTIFS(Register_Conv!$I$2:$I$487,"party_politician",Register_Conv!$J$2:$J$487,"menace")+COUNTIFS(Register_Conv!$K$2:$K$487,"party_politician",Register_Conv!$L$2:$L$487,"menace") -> 0 | D81: =COUNTIFS(Register_Conv!$G$2:$G$487,"party_politician",Register_Conv!$H$2:$H$487,"othering")+COUNTIFS(Register_Conv!$I$2:$I$487,"party_politician",Register_Conv!$J$2:$J$487,"othering")+COUNTIFS(Register_Conv!$K$2:$K$487,"party_politician",Register_Conv!$L$2:$L$487,"othering") -> 0 | E81: =COUNTIFS(Register_Conv!$G$2:$G$487,"party_politician",Register_Conv!$H$2:$H$487,"ridicule")+COUNTIFS(Register_Conv!$I$2:$I$487,"party_politician",Register_Conv!$J$2:$J$487,"ridicule")+COUNTIFS(Register_Conv!$K$2:$K$487,"party_politician",Register_Conv!$L$2:$L$487,"ridicule") -> 0 | F81: =COUNTIFS(Register_Conv!$G$2:$G$487,"party_politician",Register_Conv!$H$2:$H$487,"blame")+COUNTIFS(Register_Conv!$I$2:$I$487,"party_politician",Register_Conv!$J$2:$J$487,"blame")+COUNTIFS(Register_Conv!$K$2:$K$487,"party_politician",Register_Conv!$L$2:$L$487,"blame") -> 0 | G81: =COUNTIFS(Register_Conv!$G$2:$G$487,"party_politician",Register_Conv!$H$2:$H$487,"victim")+COUNTIFS(Register_Conv!$I$2:$I$487,"party_politician",Register_Conv!$J$2:$J$487,"victim")+COUNTIFS(Register_Conv!$K$2:$K$487,"party_politician",Register_Conv!$L$2:$L$487,"victim") -> 0 | H81: =COUNTIFS(Register_Conv!$G$2:$G$487,"party_politician",Register_Conv!$H$2:$H$487,"heroic")+COUNTIFS(Register_Conv!$I$2:$I$487,"party_politician",Register_Conv!$J$2:$J$487,"heroic")+COUNTIFS(Register_Conv!$K$2:$K$487,"party_politician",Register_Conv!$L$2:$L$487,"heroic") -> 14 | I81: =COUNTIFS(Register_Conv!$G$2:$G$487,"party_politician",Register_Conv!$H$2:$H$487,"wholesome")+COUNTIFS(Register_Conv!$I$2:$I$487,"party_politician",Register_Conv!$J$2:$J$487,"wholesome")+COUNTIFS(Register_Conv!$K$2:$K$487,"party_politician",Register_Conv!$L$2:$L$487,"wholesome") -> 10 | J81: =SUM(B81:I81) -> 77 | L81: Party politician
A82: Other politician | B82: =COUNTIFS(Register_Conv!$G$2:$G$487,"politician",Register_Conv!$H$2:$H$487,"none")+COUNTIFS(Register_Conv!$I$2:$I$487,"politician",Register_Conv!$J$2:$J$487,"none")+COUNTIFS(Register_Conv!$K$2:$K$487,"politician",Register_Conv!$L$2:$L$487,"none") -> 71 | C82: =COUNTIFS(Register_Conv!$G$2:$G$487,"politician",Register_Conv!$H$2:$H$487,"menace")+COUNTIFS(Register_Conv!$I$2:$I$487,"politician",Register_Conv!$J$2:$J$487,"menace")+COUNTIFS(Register_Conv!$K$2:$K$487,"politician",Register_Conv!$L$2:$L$487,"menace") -> 1 | D82: =COUNTIFS(Register_Conv!$G$2:$G$487,"politician",Register_Conv!$H$2:$H$487,"othering")+COUNTIFS(Register_Conv!$I$2:$I$487,"politician",Register_Conv!$J$2:$J$487,"othering")+COUNTIFS(Register_Conv!$K$2:$K$487,"politician",Register_Conv!$L$2:$L$487,"othering") -> 0 | E82: =COUNTIFS(Register_Conv!$G$2:$G$487,"politician",Register_Conv!$H$2:$H$487,"ridicule")+COUNTIFS(Register_Conv!$I$2:$I$487,"politician",Register_Conv!$J$2:$J$487,"ridicule")+COUNTIFS(Register_Conv!$K$2:$K$487,"politician",Register_Conv!$L$2:$L$487,"ridicule") -> 3 | F82: =COUNTIFS(Register_Conv!$G$2:$G$487,"politician",Register_Conv!$H$2:$H$487,"blame")+COUNTIFS(Register_Conv!$I$2:$I$487,"politician",Register_Conv!$J$2:$J$487,"blame")+COUNTIFS(Register_Conv!$K$2:$K$487,"politician",Register_Conv!$L$2:$L$487,"blame") -> 9 | G82: =COUNTIFS(Register_Conv!$G$2:$G$487,"politician",Register_Conv!$H$2:$H$487,"victim")+COUNTIFS(Register_Conv!$I$2:$I$487,"politician",Register_Conv!$J$2:$J$487,"victim")+COUNTIFS(Register_Conv!$K$2:$K$487,"politician",Register_Conv!$L$2:$L$487,"victim") -> 2 | H82: =COUNTIFS(Register_Conv!$G$2:$G$487,"politician",Register_Conv!$H$2:$H$487,"heroic")+COUNTIFS(Register_Conv!$I$2:$I$487,"politician",Register_Conv!$J$2:$J$487,"heroic")+COUNTIFS(Register_Conv!$K$2:$K$487,"politician",Register_Conv!$L$2:$L$487,"heroic") -> 4 | I82: =COUNTIFS(Register_Conv!$G$2:$G$487,"politician",Register_Conv!$H$2:$H$487,"wholesome")+COUNTIFS(Register_Conv!$I$2:$I$487,"politician",Register_Conv!$J$2:$J$487,"wholesome")+COUNTIFS(Register_Conv!$K$2:$K$487,"politician",Register_Conv!$L$2:$L$487,"wholesome") -> 2 | J82: =SUM(B82:I82) -> 92 | L82: Other politician
A83: Individual | B83: =COUNTIFS(Register_Conv!$G$2:$G$487,"individual",Register_Conv!$H$2:$H$487,"none")+COUNTIFS(Register_Conv!$I$2:$I$487,"individual",Register_Conv!$J$2:$J$487,"none")+COUNTIFS(Register_Conv!$K$2:$K$487,"individual",Register_Conv!$L$2:$L$487,"none") -> 32 | C83: =COUNTIFS(Register_Conv!$G$2:$G$487,"individual",Register_Conv!$H$2:$H$487,"menace")+COUNTIFS(Register_Conv!$I$2:$I$487,"individual",Register_Conv!$J$2:$J$487,"menace")+COUNTIFS(Register_Conv!$K$2:$K$487,"individual",Register_Conv!$L$2:$L$487,"menace") -> 10 | D83: =COUNTIFS(Register_Conv!$G$2:$G$487,"individual",Register_Conv!$H$2:$H$487,"othering")+COUNTIFS(Register_Conv!$I$2:$I$487,"individual",Register_Conv!$J$2:$J$487,"othering")+COUNTIFS(Register_Conv!$K$2:$K$487,"individual",Register_Conv!$L$2:$L$487,"othering") -> 4 | E83: =COUNTIFS(Register_Conv!$G$2:$G$487,"individual",Register_Conv!$H$2:$H$487,"ridicule")+COUNTIFS(Register_Conv!$I$2:$I$487,"individual",Register_Conv!$J$2:$J$487,"ridicule")+COUNTIFS(Register_Conv!$K$2:$K$487,"individual",Register_Conv!$L$2:$L$487,"ridicule") -> 0 | F83: =COUNTIFS(Register_Conv!$G$2:$G$487,"individual",Register_Conv!$H$2:$H$487,"blame")+COUNTIFS(Register_Conv!$I$2:$I$487,"individual",Register_Conv!$J$2:$J$487,"blame")+COUNTIFS(Register_Conv!$K$2:$K$487,"individual",Register_Conv!$L$2:$L$487,"blame") -> 0 | G83: =COUNTIFS(Register_Conv!$G$2:$G$487,"individual",Register_Conv!$H$2:$H$487,"victim")+COUNTIFS(Register_Conv!$I$2:$I$487,"individual",Register_Conv!$J$2:$J$487,"victim")+COUNTIFS(Register_Conv!$K$2:$K$487,"individual",Register_Conv!$L$2:$L$487,"victim") -> 15 | H83: =COUNTIFS(Register_Conv!$G$2:$G$487,"individual",Register_Conv!$H$2:$H$487,"heroic")+COUNTIFS(Register_Conv!$I$2:$I$487,"individual",Register_Conv!$J$2:$J$487,"heroic")+COUNTIFS(Register_Conv!$K$2:$K$487,"individual",Register_Conv!$L$2:$L$487,"heroic") -> 5 | I83: =COUNTIFS(Register_Conv!$G$2:$G$487,"individual",Register_Conv!$H$2:$H$487,"wholesome")+COUNTIFS(Register_Conv!$I$2:$I$487,"individual",Register_Conv!$J$2:$J$487,"wholesome")+COUNTIFS(Register_Conv!$K$2:$K$487,"individual",Register_Conv!$L$2:$L$487,"wholesome") -> 12 | J83: =SUM(B83:I83) -> 78 | L83: Individual
A84: Mass | B84: =COUNTIFS(Register_Conv!$G$2:$G$487,"mass",Register_Conv!$H$2:$H$487,"none")+COUNTIFS(Register_Conv!$I$2:$I$487,"mass",Register_Conv!$J$2:$J$487,"none")+COUNTIFS(Register_Conv!$K$2:$K$487,"mass",Register_Conv!$L$2:$L$487,"none") -> 12 | C84: =COUNTIFS(Register_Conv!$G$2:$G$487,"mass",Register_Conv!$H$2:$H$487,"menace")+COUNTIFS(Register_Conv!$I$2:$I$487,"mass",Register_Conv!$J$2:$J$487,"menace")+COUNTIFS(Register_Conv!$K$2:$K$487,"mass",Register_Conv!$L$2:$L$487,"menace") -> 13 | D84: =COUNTIFS(Register_Conv!$G$2:$G$487,"mass",Register_Conv!$H$2:$H$487,"othering")+COUNTIFS(Register_Conv!$I$2:$I$487,"mass",Register_Conv!$J$2:$J$487,"othering")+COUNTIFS(Register_Conv!$K$2:$K$487,"mass",Register_Conv!$L$2:$L$487,"othering") -> 3 | E84: =COUNTIFS(Register_Conv!$G$2:$G$487,"mass",Register_Conv!$H$2:$H$487,"ridicule")+COUNTIFS(Register_Conv!$I$2:$I$487,"mass",Register_Conv!$J$2:$J$487,"ridicule")+COUNTIFS(Register_Conv!$K$2:$K$487,"mass",Register_Conv!$L$2:$L$487,"ridicule") -> 0 | F84: =COUNTIFS(Register_Conv!$G$2:$G$487,"mass",Register_Conv!$H$2:$H$487,"blame")+COUNTIFS(Register_Conv!$I$2:$I$487,"mass",Register_Conv!$J$2:$J$487,"blame")+COUNTIFS(Register_Conv!$K$2:$K$487,"mass",Register_Conv!$L$2:$L$487,"blame") -> 0 | G84: =COUNTIFS(Register_Conv!$G$2:$G$487,"mass",Register_Conv!$H$2:$H$487,"victim")+COUNTIFS(Register_Conv!$I$2:$I$487,"mass",Register_Conv!$J$2:$J$487,"victim")+COUNTIFS(Register_Conv!$K$2:$K$487,"mass",Register_Conv!$L$2:$L$487,"victim") -> 1 | H84: =COUNTIFS(Register_Conv!$G$2:$G$487,"mass",Register_Conv!$H$2:$H$487,"heroic")+COUNTIFS(Register_Conv!$I$2:$I$487,"mass",Register_Conv!$J$2:$J$487,"heroic")+COUNTIFS(Register_Conv!$K$2:$K$487,"mass",Register_Conv!$L$2:$L$487,"heroic") -> 1 | I84: =COUNTIFS(Register_Conv!$G$2:$G$487,"mass",Register_Conv!$H$2:$H$487,"wholesome")+COUNTIFS(Register_Conv!$I$2:$I$487,"mass",Register_Conv!$J$2:$J$487,"wholesome")+COUNTIFS(Register_Conv!$K$2:$K$487,"mass",Register_Conv!$L$2:$L$487,"wholesome") -> 37 | J84: =SUM(B84:I84) -> 67 | L84: Mass | M84: =B84/$J$84 -> 0.17910448 | N84: =C84/$J$84 -> 0.19402985 | O84: =D84/$J$84 -> 0.044776119 | P84: =E84/$J$84 -> 0 | Q84: =F84/$J$84 -> 0 | R84: =G84/$J$84 -> 0.014925373 | S84: =H84/$J$84 -> 0.014925373 | T84: =I84/$J$84 -> 0.55223881 | U84: =J84/$J$84 -> 1
A85: Institution | B85: =COUNTIFS(Register_Conv!$G$2:$G$487,"institution",Register_Conv!$H$2:$H$487,"none")+COUNTIFS(Register_Conv!$I$2:$I$487,"institution",Register_Conv!$J$2:$J$487,"none")+COUNTIFS(Register_Conv!$K$2:$K$487,"institution",Register_Conv!$L$2:$L$487,"none") -> 4 | C85: =COUNTIFS(Register_Conv!$G$2:$G$487,"institution",Register_Conv!$H$2:$H$487,"menace")+COUNTIFS(Register_Conv!$I$2:$I$487,"institution",Register_Conv!$J$2:$J$487,"menace")+COUNTIFS(Register_Conv!$K$2:$K$487,"institution",Register_Conv!$L$2:$L$487,"menace") -> 2 | D85: =COUNTIFS(Register_Conv!$G$2:$G$487,"institution",Register_Conv!$H$2:$H$487,"othering")+COUNTIFS(Register_Conv!$I$2:$I$487,"institution",Register_Conv!$J$2:$J$487,"othering")+COUNTIFS(Register_Conv!$K$2:$K$487,"institution",Register_Conv!$L$2:$L$487,"othering") -> 0 | E85: =COUNTIFS(Register_Conv!$G$2:$G$487,"institution",Register_Conv!$H$2:$H$487,"ridicule")+COUNTIFS(Register_Conv!$I$2:$I$487,"institution",Register_Conv!$J$2:$J$487,"ridicule")+COUNTIFS(Register_Conv!$K$2:$K$487,"institution",Register_Conv!$L$2:$L$487,"ridicule") -> 1 | F85: =COUNTIFS(Register_Conv!$G$2:$G$487,"institution",Register_Conv!$H$2:$H$487,"blame")+COUNTIFS(Register_Conv!$I$2:$I$487,"institution",Register_Conv!$J$2:$J$487,"blame")+COUNTIFS(Register_Conv!$K$2:$K$487,"institution",Register_Conv!$L$2:$L$487,"blame") -> 1 | G85: =COUNTIFS(Register_Conv!$G$2:$G$487,"institution",Register_Conv!$H$2:$H$487,"victim")+COUNTIFS(Register_Conv!$I$2:$I$487,"institution",Register_Conv!$J$2:$J$487,"victim")+COUNTIFS(Register_Conv!$K$2:$K$487,"institution",Register_Conv!$L$2:$L$487,"victim") -> 0 | H85: =COUNTIFS(Register_Conv!$G$2:$G$487,"institution",Register_Conv!$H$2:$H$487,"heroic")+COUNTIFS(Register_Conv!$I$2:$I$487,"institution",Register_Conv!$J$2:$J$487,"heroic")+COUNTIFS(Register_Conv!$K$2:$K$487,"institution",Register_Conv!$L$2:$L$487,"heroic") -> 2 | I85: =COUNTIFS(Register_Conv!$G$2:$G$487,"institution",Register_Conv!$H$2:$H$487,"wholesome")+COUNTIFS(Register_Conv!$I$2:$I$487,"institution",Register_Conv!$J$2:$J$487,"wholesome")+COUNTIFS(Register_Conv!$K$2:$K$487,"institution",Register_Conv!$L$2:$L$487,"wholesome") -> 0 | J85: =SUM(B85:I85) -> 10 | L85: Institution
A86: Economy | B86: =COUNTIFS(Register_Conv!$G$2:$G$487,"economy",Register_Conv!$H$2:$H$487,"none")+COUNTIFS(Register_Conv!$I$2:$I$487,"economy",Register_Conv!$J$2:$J$487,"none")+COUNTIFS(Register_Conv!$K$2:$K$487,"economy",Register_Conv!$L$2:$L$487,"none") -> 6 | C86: =COUNTIFS(Register_Conv!$G$2:$G$487,"economy",Register_Conv!$H$2:$H$487,"menace")+COUNTIFS(Register_Conv!$I$2:$I$487,"economy",Register_Conv!$J$2:$J$487,"menace")+COUNTIFS(Register_Conv!$K$2:$K$487,"economy",Register_Conv!$L$2:$L$487,"menace") -> 0 | D86: =COUNTIFS(Register_Conv!$G$2:$G$487,"economy",Register_Conv!$H$2:$H$487,"othering")+COUNTIFS(Register_Conv!$I$2:$I$487,"economy",Register_Conv!$J$2:$J$487,"othering")+COUNTIFS(Register_Conv!$K$2:$K$487,"economy",Register_Conv!$L$2:$L$487,"othering") -> 0 | E86: =COUNTIFS(Register_Conv!$G$2:$G$487,"economy",Register_Conv!$H$2:$H$487,"ridicule")+COUNTIFS(Register_Conv!$I$2:$I$487,"economy",Register_Conv!$J$2:$J$487,"ridicule")+COUNTIFS(Register_Conv!$K$2:$K$487,"economy",Register_Conv!$L$2:$L$487,"ridicule") -> 0 | F86: =COUNTIFS(Register_Conv!$G$2:$G$487,"economy",Register_Conv!$H$2:$H$487,"blame")+COUNTIFS(Register_Conv!$I$2:$I$487,"economy",Register_Conv!$J$2:$J$487,"blame")+COUNTIFS(Register_Conv!$K$2:$K$487,"economy",Register_Conv!$L$2:$L$487,"blame") -> 0 | G86: =COUNTIFS(Register_Conv!$G$2:$G$487,"economy",Register_Conv!$H$2:$H$487,"victim")+COUNTIFS(Register_Conv!$I$2:$I$487,"economy",Register_Conv!$J$2:$J$487,"victim")+COUNTIFS(Register_Conv!$K$2:$K$487,"economy",Register_Conv!$L$2:$L$487,"victim") -> 0 | H86: =COUNTIFS(Register_Conv!$G$2:$G$487,"economy",Register_Conv!$H$2:$H$487,"heroic")+COUNTIFS(Register_Conv!$I$2:$I$487,"economy",Register_Conv!$J$2:$J$487,"heroic")+COUNTIFS(Register_Conv!$K$2:$K$487,"economy",Register_Conv!$L$2:$L$487,"heroic") -> 2 | I86: =COUNTIFS(Register_Conv!$G$2:$G$487,"economy",Register_Conv!$H$2:$H$487,"wholesome")+COUNTIFS(Register_Conv!$I$2:$I$487,"economy",Register_Conv!$J$2:$J$487,"wholesome")+COUNTIFS(Register_Conv!$K$2:$K$487,"economy",Register_Conv!$L$2:$L$487,"wholesome") -> 2 | J86: =SUM(B86:I86) -> 10 | L86: Economy
A87: Place | B87: =COUNTIFS(Register_Conv!$G$2:$G$487,"place",Register_Conv!$H$2:$H$487,"none")+COUNTIFS(Register_Conv!$I$2:$I$487,"place",Register_Conv!$J$2:$J$487,"none")+COUNTIFS(Register_Conv!$K$2:$K$487,"place",Register_Conv!$L$2:$L$487,"none") -> 10 | C87: =COUNTIFS(Register_Conv!$G$2:$G$487,"place",Register_Conv!$H$2:$H$487,"menace")+COUNTIFS(Register_Conv!$I$2:$I$487,"place",Register_Conv!$J$2:$J$487,"menace")+COUNTIFS(Register_Conv!$K$2:$K$487,"place",Register_Conv!$L$2:$L$487,"menace") -> 0 | D87: =COUNTIFS(Register_Conv!$G$2:$G$487,"place",Register_Conv!$H$2:$H$487,"othering")+COUNTIFS(Register_Conv!$I$2:$I$487,"place",Register_Conv!$J$2:$J$487,"othering")+COUNTIFS(Register_Conv!$K$2:$K$487,"place",Register_Conv!$L$2:$L$487,"othering") -> 0 | E87: =COUNTIFS(Register_Conv!$G$2:$G$487,"place",Register_Conv!$H$2:$H$487,"ridicule")+COUNTIFS(Register_Conv!$I$2:$I$487,"place",Register_Conv!$J$2:$J$487,"ridicule")+COUNTIFS(Register_Conv!$K$2:$K$487,"place",Register_Conv!$L$2:$L$487,"ridicule") -> 0 | F87: =COUNTIFS(Register_Conv!$G$2:$G$487,"place",Register_Conv!$H$2:$H$487,"blame")+COUNTIFS(Register_Conv!$I$2:$I$487,"place",Register_Conv!$J$2:$J$487,"blame")+COUNTIFS(Register_Conv!$K$2:$K$487,"place",Register_Conv!$L$2:$L$487,"blame") -> 0 | G87: =COUNTIFS(Register_Conv!$G$2:$G$487,"place",Register_Conv!$H$2:$H$487,"victim")+COUNTIFS(Register_Conv!$I$2:$I$487,"place",Register_Conv!$J$2:$J$487,"victim")+COUNTIFS(Register_Conv!$K$2:$K$487,"place",Register_Conv!$L$2:$L$487,"victim") -> 4 | H87: =COUNTIFS(Register_Conv!$G$2:$G$487,"place",Register_Conv!$H$2:$H$487,"heroic")+COUNTIFS(Register_Conv!$I$2:$I$487,"place",Register_Conv!$J$2:$J$487,"heroic")+COUNTIFS(Register_Conv!$K$2:$K$487,"place",Register_Conv!$L$2:$L$487,"heroic") -> 1 | I87: =COUNTIFS(Register_Conv!$G$2:$G$487,"place",Register_Conv!$H$2:$H$487,"wholesome")+COUNTIFS(Register_Conv!$I$2:$I$487,"place",Register_Conv!$J$2:$J$487,"wholesome")+COUNTIFS(Register_Conv!$K$2:$K$487,"place",Register_Conv!$L$2:$L$487,"wholesome") -> 1 | J87: =SUM(B87:I87) -> 16 | L87: Place
A88: Object | B88: =COUNTIFS(Register_Conv!$G$2:$G$487,"object",Register_Conv!$H$2:$H$487,"none")+COUNTIFS(Register_Conv!$I$2:$I$487,"object",Register_Conv!$J$2:$J$487,"none")+COUNTIFS(Register_Conv!$K$2:$K$487,"object",Register_Conv!$L$2:$L$487,"none") -> 21 | C88: =COUNTIFS(Register_Conv!$G$2:$G$487,"object",Register_Conv!$H$2:$H$487,"menace")+COUNTIFS(Register_Conv!$I$2:$I$487,"object",Register_Conv!$J$2:$J$487,"menace")+COUNTIFS(Register_Conv!$K$2:$K$487,"object",Register_Conv!$L$2:$L$487,"menace") -> 3 | D88: =COUNTIFS(Register_Conv!$G$2:$G$487,"object",Register_Conv!$H$2:$H$487,"othering")+COUNTIFS(Register_Conv!$I$2:$I$487,"object",Register_Conv!$J$2:$J$487,"othering")+COUNTIFS(Register_Conv!$K$2:$K$487,"object",Register_Conv!$L$2:$L$487,"othering") -> 0 | E88: =COUNTIFS(Register_Conv!$G$2:$G$487,"object",Register_Conv!$H$2:$H$487,"ridicule")+COUNTIFS(Register_Conv!$I$2:$I$487,"object",Register_Conv!$J$2:$J$487,"ridicule")+COUNTIFS(Register_Conv!$K$2:$K$487,"object",Register_Conv!$L$2:$L$487,"ridicule") -> 0 | F88: =COUNTIFS(Register_Conv!$G$2:$G$487,"object",Register_Conv!$H$2:$H$487,"blame")+COUNTIFS(Register_Conv!$I$2:$I$487,"object",Register_Conv!$J$2:$J$487,"blame")+COUNTIFS(Register_Conv!$K$2:$K$487,"object",Register_Conv!$L$2:$L$487,"blame") -> 0 | G88: =COUNTIFS(Register_Conv!$G$2:$G$487,"object",Register_Conv!$H$2:$H$487,"victim")+COUNTIFS(Register_Conv!$I$2:$I$487,"object",Register_Conv!$J$2:$J$487,"victim")+COUNTIFS(Register_Conv!$K$2:$K$487,"object",Register_Conv!$L$2:$L$487,"victim") -> 7 | H88: =COUNTIFS(Register_Conv!$G$2:$G$487,"object",Register_Conv!$H$2:$H$487,"heroic")+COUNTIFS(Register_Conv!$I$2:$I$487,"object",Register_Conv!$J$2:$J$487,"heroic")+COUNTIFS(Register_Conv!$K$2:$K$487,"object",Register_Conv!$L$2:$L$487,"heroic") -> 3 | I88: =COUNTIFS(Register_Conv!$G$2:$G$487,"object",Register_Conv!$H$2:$H$487,"wholesome")+COUNTIFS(Register_Conv!$I$2:$I$487,"object",Register_Conv!$J$2:$J$487,"wholesome")+COUNTIFS(Register_Conv!$K$2:$K$487,"object",Register_Conv!$L$2:$L$487,"wholesome") -> 5 | J88: =SUM(B88:I88) -> 39 | L88: Object
B89: =SUM(B80:B88) -> 390 | C89: =SUM(C80:C88) -> 29 | D89: =SUM(D80:D88) -> 7 | E89: =SUM(E80:E88) -> 4 | F89: =SUM(F80:F88) -> 10 | G89: =SUM(G80:G88) -> 29 | H89: =SUM(H80:H88) -> 60 | I89: =SUM(I80:I88) -> 101 | J89: =SUM(J80:J88) -> 630
A90: S7. By account
A91: S7 – Each adopting account's AI scene items vs its own conventional sample (F10). Under 15 AI items, one post moves the share 7–30 pp.
A92: account | B92: label | C92: n AI | D92: n conv | E92: neg imagery AI | F92: neg imagery conv | G92: diff (pp)
A93: DE_afd.bund | B93: AfD | C93: =SUMPRODUCT((Register_AI!$C$2:$C$288=A93)*Register_AI!$P$2:$P$288) -> 56 | D93: =SUMPRODUCT((Register_Conv!$C$2:$C$487=A93)*Register_Conv!$P$2:$P$487) -> 48 | E93: =SUMPRODUCT((Register_AI!$C$2:$C$288=A93)*Register_AI!$Q$2:$Q$288*Register_AI!$P$2:$P$288)/C93 -> 0.39285714 | F93: =SUMPRODUCT((Register_Conv!$C$2:$C$487=A93)*Register_Conv!$Q$2:$Q$487*Register_Conv!$P$2:$P$487)/D93 -> 0.1875 | G93: =(E93-F93)*100 -> 20.535714
A94: ES-EU_vox_es | B94: VOX | C94: =SUMPRODUCT((Register_AI!$C$2:$C$288=A94)*Register_AI!$P$2:$P$288) -> 37 | D94: =SUMPRODUCT((Register_Conv!$C$2:$C$487=A94)*Register_Conv!$P$2:$P$487) -> 52 | E94: =SUMPRODUCT((Register_AI!$C$2:$C$288=A94)*Register_AI!$Q$2:$Q$288*Register_AI!$P$2:$P$288)/C94 -> 0.62162162 | F94: =SUMPRODUCT((Register_Conv!$C$2:$C$487=A94)*Register_Conv!$Q$2:$Q$487*Register_Conv!$P$2:$P$487)/D94 -> 0.19230769 | G94: =(E94-F94)*100 -> 42.931393
A95: IT-EU_matteosalviniofficial | B95: Salvini | C95: =SUMPRODUCT((Register_AI!$C$2:$C$288=A95)*Register_AI!$P$2:$P$288) -> 30 | D95: =SUMPRODUCT((Register_Conv!$C$2:$C$487=A95)*Register_Conv!$P$2:$P$487) -> 45 | E95: =SUMPRODUCT((Register_AI!$C$2:$C$288=A95)*Register_AI!$Q$2:$Q$288*Register_AI!$P$2:$P$288)/C95 -> 0.73333333 | F95: =SUMPRODUCT((Register_Conv!$C$2:$C$487=A95)*Register_Conv!$Q$2:$Q$487*Register_Conv!$P$2:$P$487)/D95 -> 0.37777778 | G95: =(E95-F95)*100 -> 35.555556
A96: FR_EU_rassemblementnational_fr | B96: RN | C96: =SUMPRODUCT((Register_AI!$C$2:$C$288=A96)*Register_AI!$P$2:$P$288) -> 24 | D96: =SUMPRODUCT((Register_Conv!$C$2:$C$487=A96)*Register_Conv!$P$2:$P$487) -> 38 | E96: =SUMPRODUCT((Register_AI!$C$2:$C$288=A96)*Register_AI!$Q$2:$Q$288*Register_AI!$P$2:$P$288)/C96 -> 0.66666667 | F96: =SUMPRODUCT((Register_Conv!$C$2:$C$487=A96)*Register_Conv!$Q$2:$Q$487*Register_Conv!$P$2:$P$487)/D96 -> 0.10526316 | G96: =(E96-F96)*100 -> 56.140351
A97: NL_geertwilders | B97: Wilders | C97: =SUMPRODUCT((Register_AI!$C$2:$C$288=A97)*Register_AI!$P$2:$P$288) -> 15 | D97: =SUMPRODUCT((Register_Conv!$C$2:$C$487=A97)*Register_Conv!$P$2:$P$487) -> 22 | E97: =SUMPRODUCT((Register_AI!$C$2:$C$288=A97)*Register_AI!$Q$2:$Q$288*Register_AI!$P$2:$P$288)/C97 -> 0.4 | F97: =SUMPRODUCT((Register_Conv!$C$2:$C$487=A97)*Register_Conv!$Q$2:$Q$487*Register_Conv!$P$2:$P$487)/D97 -> 0.045454545 | G97: =(E97-F97)*100 -> 35.454545
A98: DE_alice.weidel | B98: Weidel | C98: =SUMPRODUCT((Register_AI!$C$2:$C$288=A98)*Register_AI!$P$2:$P$288) -> 15 | D98: =SUMPRODUCT((Register_Conv!$C$2:$C$487=A98)*Register_Conv!$P$2:$P$487) -> 30 | E98: =SUMPRODUCT((Register_AI!$C$2:$C$288=A98)*Register_AI!$Q$2:$Q$288*Register_AI!$P$2:$P$288)/C98 -> 0.13333333 | F98: =SUMPRODUCT((Register_Conv!$C$2:$C$487=A98)*Register_Conv!$Q$2:$Q$487*Register_Conv!$P$2:$P$487)/D98 -> 0.033333333 | G98: =(E98-F98)*100 -> 10
A99: IT-EU_legaofficial | B99: Lega | C99: =SUMPRODUCT((Register_AI!$C$2:$C$288=A99)*Register_AI!$P$2:$P$288) -> 9 | D99: =SUMPRODUCT((Register_Conv!$C$2:$C$487=A99)*Register_Conv!$P$2:$P$487) -> 24 | E99: =SUMPRODUCT((Register_AI!$C$2:$C$288=A99)*Register_AI!$Q$2:$Q$288*Register_AI!$P$2:$P$288)/C99 -> 0.88888889 | F99: =SUMPRODUCT((Register_Conv!$C$2:$C$487=A99)*Register_Conv!$Q$2:$Q$487*Register_Conv!$P$2:$P$487)/D99 -> 0.041666667 | G99: =(E99-F99)*100 -> 84.722222
A100: UK_thereformpartyuk | B100: Reform UK | C100: =SUMPRODUCT((Register_AI!$C$2:$C$288=A100)*Register_AI!$P$2:$P$288) -> 8 | D100: =SUMPRODUCT((Register_Conv!$C$2:$C$487=A100)*Register_Conv!$P$2:$P$487) -> 18 | E100: =SUMPRODUCT((Register_AI!$C$2:$C$288=A100)*Register_AI!$Q$2:$Q$288*Register_AI!$P$2:$P$288)/C100 -> 0.625 | F100: =SUMPRODUCT((Register_Conv!$C$2:$C$487=A100)*Register_Conv!$Q$2:$Q$487*Register_Conv!$P$2:$P$487)/D100 -> 0.16666667 | G100: =(E100-F100)*100 -> 45.833333
A101: DK-EU_mrmesserschmidt | B101: Messerschmidt | C101: =SUMPRODUCT((Register_AI!$C$2:$C$288=A101)*Register_AI!$P$2:$P$288) -> 6 | D101: =SUMPRODUCT((Register_Conv!$C$2:$C$487=A101)*Register_Conv!$P$2:$P$487) -> 20 | E101: =SUMPRODUCT((Register_AI!$C$2:$C$288=A101)*Register_AI!$Q$2:$Q$288*Register_AI!$P$2:$P$288)/C101 -> 0.16666667 | F101: =SUMPRODUCT((Register_Conv!$C$2:$C$487=A101)*Register_Conv!$Q$2:$Q$487*Register_Conv!$P$2:$P$487)/D101 -> 0 | G101: =(E101-F101)*100 -> 16.666667
A102: DK-EU_dansk_folkeparti_1995_ | B102: Dansk Folkeparti | C102: =SUMPRODUCT((Register_AI!$C$2:$C$288=A102)*Register_AI!$P$2:$P$288) -> 5 | D102: =SUMPRODUCT((Register_Conv!$C$2:$C$487=A102)*Register_Conv!$P$2:$P$487) -> 20 | E102: =SUMPRODUCT((Register_AI!$C$2:$C$288=A102)*Register_AI!$Q$2:$Q$288*Register_AI!$P$2:$P$288)/C102 -> 0.4 | F102: =SUMPRODUCT((Register_Conv!$C$2:$C$487=A102)*Register_Conv!$Q$2:$Q$487*Register_Conv!$P$2:$P$487)/D102 -> 0.05 | G102: =(E102-F102)*100 -> 35
A103: NL-EU_geertwilders | B103: Wilders (EU) | C103: =SUMPRODUCT((Register_AI!$C$2:$C$288=A103)*Register_AI!$P$2:$P$288) -> 5 | D103: =SUMPRODUCT((Register_Conv!$C$2:$C$487=A103)*Register_Conv!$P$2:$P$487) -> 16 | E103: =SUMPRODUCT((Register_AI!$C$2:$C$288=A103)*Register_AI!$Q$2:$Q$288*Register_AI!$P$2:$P$288)/C103 -> 0 | F103: =SUMPRODUCT((Register_Conv!$C$2:$C$487=A103)*Register_Conv!$Q$2:$Q$487*Register_Conv!$P$2:$P$487)/D103 -> 0.25 | G103: =(E103-F103)*100 -> -25
A104: ES-EU_santi_abascal | B104: Abascal | C104: =SUMPRODUCT((Register_AI!$C$2:$C$288=A104)*Register_AI!$P$2:$P$288) -> 4 | D104: =SUMPRODUCT((Register_Conv!$C$2:$C$487=A104)*Register_Conv!$P$2:$P$487) -> 18 | E104: =SUMPRODUCT((Register_AI!$C$2:$C$288=A104)*Register_AI!$Q$2:$Q$288*Register_AI!$P$2:$P$288)/C104 -> 1 | F104: =SUMPRODUCT((Register_Conv!$C$2:$C$487=A104)*Register_Conv!$Q$2:$Q$487*Register_Conv!$P$2:$P$487)/D104 -> 0 | G104: =(E104-F104)*100 -> 100
A105: BE_EU_vlaamsbelang | B105: Vlaams Belang | C105: =SUMPRODUCT((Register_AI!$C$2:$C$288=A105)*Register_AI!$P$2:$P$288) -> 3 | D105: =SUMPRODUCT((Register_Conv!$C$2:$C$487=A105)*Register_Conv!$P$2:$P$487) -> 17 | E105: =SUMPRODUCT((Register_AI!$C$2:$C$288=A105)*Register_AI!$Q$2:$Q$288*Register_AI!$P$2:$P$288)/C105 -> 0.66666667 | F105: =SUMPRODUCT((Register_Conv!$C$2:$C$487=A105)*Register_Conv!$Q$2:$Q$487*Register_Conv!$P$2:$P$487)/D105 -> 0.41176471 | G105: =(E105-F105)*100 -> 25.490196
A108: F2 – Subject, any slot: generated subjects in AI posts vs every subject in conventional posts (share of scene items; a post can show more than one)
A109: AI posts with no generated subject | B109: =$B$11-SUMPRODUCT(Register_AI!$P$2:$P$288*(((Register_AI!$M$2:$M$288="TRUE")+(Register_AI!$N$2:$N$288="TRUE")+(Register_AI!$O$2:$O$288="TRUE"))>0)) -> 23 | D109: =B109/$B$11 -> 0.10599078
A111: label | B111: n AI (generated) | C111: n conv | D111: share AI | E111: share conv | F111: diff (pp) | G111: min expected | H111: χ² | I111: test | J111: p
A112: Own leader | B112: =SUMPRODUCT(Register_AI!$P$2:$P$288*((((Register_AI!$G$2:$G$288="own_leader")*(Register_AI!$M$2:$M$288="TRUE"))+((Register_AI!$I$2:$I$288="own_leader")*(Register_AI!$N$2:$N$288="TRUE"))+((Register_AI!$K$2:$K$288="own_leader")*(Register_AI!$O$2:$O$288="TRUE")))>0)) -> 11 | C112: =SUMPRODUCT(Register_Conv!$P$2:$P$487*(((Register_Conv!$G$2:$G$487="own_leader")+(Register_Conv!$I$2:$I$487="own_leader")+(Register_Conv!$K$2:$K$487="own_leader"))>0)) -> 240 | D112: =B112/$B$11 -> 0.050691244 | E112: =C112/$B$12 -> 0.54054054 | F112: =(D112-E112)*100 -> -48.98493 | G112: =IFERROR(MIN($B$11,$B$12)*MIN(B112+C112,$B$11+$B$12-B112-C112)/($B$11+$B$12),"") -> 82.400908 | H112: =IFERROR(($B$11+$B$12)*(B112*($B$12-C112)-($B$11-B112)*C112)^2/($B$11*$B$12*(B112+C112)*($B$11+$B$12-B112-C112)),"") -> 148.49491 | I112: =IF(H112="","",IF(G112<5,"Fisher","χ²")) -> χ² | J112: =IF(H112="","",IF(G112<5,SUMPRODUCT((_xlfn.HYPGEOM.DIST(ROW(INDIRECT((MAX(0,B112+C112-$B$12)+1)&":"&(MIN($B$11,B112+C112)+1)))-1,$B$11,B112+C112,$B$11+$B$12,FALSE)<=_xlfn.HYPGEOM.DIST(B112,$B$11,B112+C112,$B$11+$B$12,FALSE)*(1+0.0000001))*_xlfn.HYPGEOM.DIST(ROW(INDIRECT((MAX(0,B112+C112-$B$12)+1)&":"&(MIN($B$11,B112+C112)+1)))-1,$B$11,B112+C112,$B$11+$B$12,FALSE)),_xlfn.CHISQ.DIST.RT(H112,1))) -> 3.6978365e-34
A113: Party politician | B113: =SUMPRODUCT(Register_AI!$P$2:$P$288*((((Register_AI!$G$2:$G$288="party_politician")*(Register_AI!$M$2:$M$288="TRUE"))+((Register_AI!$I$2:$I$288="party_politician")*(Register_AI!$N$2:$N$288="TRUE"))+((Register_AI!$K$2:$K$288="party_politician")*(Register_AI!$O$2:$O$288="TRUE")))>0)) -> 0 | C113: =SUMPRODUCT(Register_Conv!$P$2:$P$487*(((Register_Conv!$G$2:$G$487="party_politician")+(Register_Conv!$I$2:$I$487="party_politician")+(Register_Conv!$K$2:$K$487="party_politician"))>0)) -> 77 | D113: =B113/$B$11 -> 0 | E113: =C113/$B$12 -> 0.17342342 | F113: =(D113-E113)*100 -> -17.342342 | G113: =IFERROR(MIN($B$11,$B$12)*MIN(B113+C113,$B$11+$B$12-B113-C113)/($B$11+$B$12),"") -> 25.278366 | H113: =IFERROR(($B$11+$B$12)*(B113*($B$12-C113)-($B$11-B113)*C113)^2/($B$11*$B$12*(B113+C113)*($B$11+$B$12-B113-C113)),"") -> 42.594753 | I113: =IF(H113="","",IF(G113<5,"Fisher","χ²")) -> χ² | J113: =IF(H113="","",IF(G113<5,SUMPRODUCT((_xlfn.HYPGEOM.DIST(ROW(INDIRECT((MAX(0,B113+C113-$B$12)+1)&":"&(MIN($B$11,B113+C113)+1)))-1,$B$11,B113+C113,$B$11+$B$12,FALSE)<=_xlfn.HYPGEOM.DIST(B113,$B$11,B113+C113,$B$11+$B$12,FALSE)*(1+0.0000001))*_xlfn.HYPGEOM.DIST(ROW(INDIRECT((MAX(0,B113+C113-$B$12)+1)&":"&(MIN($B$11,B113+C113)+1)))-1,$B$11,B113+C113,$B$11+$B$12,FALSE)),_xlfn.CHISQ.DIST.RT(H113,1))) -> 6.7339791e-11
A114: Other politician | B114: =SUMPRODUCT(Register_AI!$P$2:$P$288*((((Register_AI!$G$2:$G$288="politician")*(Register_AI!$M$2:$M$288="TRUE"))+((Register_AI!$I$2:$I$288="politician")*(Register_AI!$N$2:$N$288="TRUE"))+((Register_AI!$K$2:$K$288="politician")*(Register_AI!$O$2:$O$288="TRUE")))>0)) -> 10 | C114: =SUMPRODUCT(Register_Conv!$P$2:$P$487*(((Register_Conv!$G$2:$G$487="politician")+(Register_Conv!$I$2:$I$487="politician")+(Register_Conv!$K$2:$K$487="politician"))>0)) -> 91 | D114: =B114/$B$11 -> 0.046082949 | E114: =C114/$B$12 -> 0.20495495 | F114: =(D114-E114)*100 -> -15.887201 | G114: =IFERROR(MIN($B$11,$B$12)*MIN(B114+C114,$B$11+$B$12-B114-C114)/($B$11+$B$12),"") -> 33.157337 | H114: =IFERROR(($B$11+$B$12)*(B114*($B$12-C114)-($B$11-B114)*C114)^2/($B$11*$B$12*(B114+C114)*($B$11+$B$12-B114-C114)),"") -> 28.420356 | I114: =IF(H114="","",IF(G114<5,"Fisher","χ²")) -> χ² | J114: =IF(H114="","",IF(G114<5,SUMPRODUCT((_xlfn.HYPGEOM.DIST(ROW(INDIRECT((MAX(0,B114+C114-$B$12)+1)&":"&(MIN($B$11,B114+C114)+1)))-1,$B$11,B114+C114,$B$11+$B$12,FALSE)<=_xlfn.HYPGEOM.DIST(B114,$B$11,B114+C114,$B$11+$B$12,FALSE)*(1+0.0000001))*_xlfn.HYPGEOM.DIST(ROW(INDIRECT((MAX(0,B114+C114-$B$12)+1)&":"&(MIN($B$11,B114+C114)+1)))-1,$B$11,B114+C114,$B$11+$B$12,FALSE)),_xlfn.CHISQ.DIST.RT(H114,1))) -> 9.76333e-08
A115: Anonymous individual | B115: =SUMPRODUCT(Register_AI!$P$2:$P$288*((((Register_AI!$G$2:$G$288="individual")*(Register_AI!$M$2:$M$288="TRUE"))+((Register_AI!$I$2:$I$288="individual")*(Register_AI!$N$2:$N$288="TRUE"))+((Register_AI!$K$2:$K$288="individual")*(Register_AI!$O$2:$O$288="TRUE")))>0)) -> 112 | C115: =SUMPRODUCT(Register_Conv!$P$2:$P$487*(((Register_Conv!$G$2:$G$487="individual")+(Register_Conv!$I$2:$I$487="individual")+(Register_Conv!$K$2:$K$487="individual"))>0)) -> 62 | D115: =B115/$B$11 -> 0.51612903 | E115: =C115/$B$12 -> 0.13963964 | F115: =(D115-E115)*100 -> 37.648939 | G115: =IFERROR(MIN($B$11,$B$12)*MIN(B115+C115,$B$11+$B$12-B115-C115)/($B$11+$B$12),"") -> 57.122542 | H115: =IFERROR(($B$11+$B$12)*(B115*($B$12-C115)-($B$11-B115)*C115)^2/($B$11*$B$12*(B115+C115)*($B$11+$B$12-B115-C115)),"") -> 106.52988 | I115: =IF(H115="","",IF(G115<5,"Fisher","χ²")) -> χ² | J115: =IF(H115="","",IF(G115<5,SUMPRODUCT((_xlfn.HYPGEOM.DIST(ROW(INDIRECT((MAX(0,B115+C115-$B$12)+1)&":"&(MIN($B$11,B115+C115)+1)))-1,$B$11,B115+C115,$B$11+$B$12,FALSE)<=_xlfn.HYPGEOM.DIST(B115,$B$11,B115+C115,$B$11+$B$12,FALSE)*(1+0.0000001))*_xlfn.HYPGEOM.DIST(ROW(INDIRECT((MAX(0,B115+C115-$B$12)+1)&":"&(MIN($B$11,B115+C115)+1)))-1,$B$11,B115+C115,$B$11+$B$12,FALSE)),_xlfn.CHISQ.DIST.RT(H115,1))) -> 5.64351e-25
A116: Mass | B116: =SUMPRODUCT(Register_AI!$P$2:$P$288*((((Register_AI!$G$2:$G$288="mass")*(Register_AI!$M$2:$M$288="TRUE"))+((Register_AI!$I$2:$I$288="mass")*(Register_AI!$N$2:$N$288="TRUE"))+((Register_AI!$K$2:$K$288="mass")*(Register_AI!$O$2:$O$288="TRUE")))>0)) -> 32 | C116: =SUMPRODUCT(Register_Conv!$P$2:$P$487*(((Register_Conv!$G$2:$G$487="mass")+(Register_Conv!$I$2:$I$487="mass")+(Register_Conv!$K$2:$K$487="mass"))>0)) -> 66 | D116: =B116/$B$11 -> 0.14746544 | E116: =C116/$B$12 -> 0.14864865 | F116: =(D116-E116)*100 -> -0.11832109 | G116: =IFERROR(MIN($B$11,$B$12)*MIN(B116+C116,$B$11+$B$12-B116-C116)/($B$11+$B$12),"") -> 32.172466 | H116: =IFERROR(($B$11+$B$12)*(B116*($B$12-C116)-($B$11-B116)*C116)^2/($B$11*$B$12*(B116+C116)*($B$11+$B$12-B116-C116)),"") -> 0.0016159726 | I116: =IF(H116="","",IF(G116<5,"Fisher","χ²")) -> χ² | J116: =IF(H116="","",IF(G116<5,SUMPRODUCT((_xlfn.HYPGEOM.DIST(ROW(INDIRECT((MAX(0,B116+C116-$B$12)+1)&":"&(MIN($B$11,B116+C116)+1)))-1,$B$11,B116+C116,$B$11+$B$12,FALSE)<=_xlfn.HYPGEOM.DIST(B116,$B$11,B116+C116,$B$11+$B$12,FALSE)*(1+0.0000001))*_xlfn.HYPGEOM.DIST(ROW(INDIRECT((MAX(0,B116+C116-$B$12)+1)&":"&(MIN($B$11,B116+C116)+1)))-1,$B$11,B116+C116,$B$11+$B$12,FALSE)),_xlfn.CHISQ.DIST.RT(H116,1))) -> 0.96793435
A117: Institution | B117: =SUMPRODUCT(Register_AI!$P$2:$P$288*((((Register_AI!$G$2:$G$288="institution")*(Register_AI!$M$2:$M$288="TRUE"))+((Register_AI!$I$2:$I$288="institution")*(Register_AI!$N$2:$N$288="TRUE"))+((Register_AI!$K$2:$K$288="institution")*(Register_AI!$O$2:$O$288="TRUE")))>0)) -> 16 | C117: =SUMPRODUCT(Register_Conv!$P$2:$P$487*(((Register_Conv!$G$2:$G$487="institution")+(Register_Conv!$I$2:$I$487="institution")+(Register_Conv!$K$2:$K$487="institution"))>0)) -> 10 | D117: =B117/$B$11 -> 0.073732719 | E117: =C117/$B$12 -> 0.022522523 | F117: =(D117-E117)*100 -> 5.1210196 | G117: =IFERROR(MIN($B$11,$B$12)*MIN(B117+C117,$B$11+$B$12-B117-C117)/($B$11+$B$12),"") -> 8.5355522 | H117: =IFERROR(($B$11+$B$12)*(B117*($B$12-C117)-($B$11-B117)*C117)^2/($B$11*$B$12*(B117+C117)*($B$11+$B$12-B117-C117)),"") -> 10.116027 | I117: =IF(H117="","",IF(G117<5,"Fisher","χ²")) -> χ² | J117: =IF(H117="","",IF(G117<5,SUMPRODUCT((_xlfn.HYPGEOM.DIST(ROW(INDIRECT((MAX(0,B117+C117-$B$12)+1)&":"&(MIN($B$11,B117+C117)+1)))-1,$B$11,B117+C117,$B$11+$B$12,FALSE)<=_xlfn.HYPGEOM.DIST(B117,$B$11,B117+C117,$B$11+$B$12,FALSE)*(1+0.0000001))*_xlfn.HYPGEOM.DIST(ROW(INDIRECT((MAX(0,B117+C117-$B$12)+1)&":"&(MIN($B$11,B117+C117)+1)))-1,$B$11,B117+C117,$B$11+$B$12,FALSE)),_xlfn.CHISQ.DIST.RT(H117,1))) -> 0.0014698552
A118: Economy | B118: =SUMPRODUCT(Register_AI!$P$2:$P$288*((((Register_AI!$G$2:$G$288="economy")*(Register_AI!$M$2:$M$288="TRUE"))+((Register_AI!$I$2:$I$288="economy")*(Register_AI!$N$2:$N$288="TRUE"))+((Register_AI!$K$2:$K$288="economy")*(Register_AI!$O$2:$O$288="TRUE")))>0)) -> 9 | C118: =SUMPRODUCT(Register_Conv!$P$2:$P$487*(((Register_Conv!$G$2:$G$487="economy")+(Register_Conv!$I$2:$I$487="economy")+(Register_Conv!$K$2:$K$487="economy"))>0)) -> 10 | D118: =B118/$B$11 -> 0.041474654 | E118: =C118/$B$12 -> 0.022522523 | F118: =(D118-E118)*100 -> 1.8952132 | G118: =IFERROR(MIN($B$11,$B$12)*MIN(B118+C118,$B$11+$B$12-B118-C118)/($B$11+$B$12),"") -> 6.2375189 | H118: =IFERROR(($B$11+$B$12)*(B118*($B$12-C118)-($B$11-B118)*C118)^2/($B$11*$B$12*(B118+C118)*($B$11+$B$12-B118-C118)),"") -> 1.875304 | I118: =IF(H118="","",IF(G118<5,"Fisher","χ²")) -> χ² | J118: =IF(H118="","",IF(G118<5,SUMPRODUCT((_xlfn.HYPGEOM.DIST(ROW(INDIRECT((MAX(0,B118+C118-$B$12)+1)&":"&(MIN($B$11,B118+C118)+1)))-1,$B$11,B118+C118,$B$11+$B$12,FALSE)<=_xlfn.HYPGEOM.DIST(B118,$B$11,B118+C118,$B$11+$B$12,FALSE)*(1+0.0000001))*_xlfn.HYPGEOM.DIST(ROW(INDIRECT((MAX(0,B118+C118-$B$12)+1)&":"&(MIN($B$11,B118+C118)+1)))-1,$B$11,B118+C118,$B$11+$B$12,FALSE)),_xlfn.CHISQ.DIST.RT(H118,1))) -> 0.17086884
A119: Place | B119: =SUMPRODUCT(Register_AI!$P$2:$P$288*((((Register_AI!$G$2:$G$288="place")*(Register_AI!$M$2:$M$288="TRUE"))+((Register_AI!$I$2:$I$288="place")*(Register_AI!$N$2:$N$288="TRUE"))+((Register_AI!$K$2:$K$288="place")*(Register_AI!$O$2:$O$288="TRUE")))>0)) -> 11 | C119: =SUMPRODUCT(Register_Conv!$P$2:$P$487*(((Register_Conv!$G$2:$G$487="place")+(Register_Conv!$I$2:$I$487="place")+(Register_Conv!$K$2:$K$487="place"))>0)) -> 16 | D119: =B119/$B$11 -> 0.050691244 | E119: =C119/$B$12 -> 0.036036036 | F119: =(D119-E119)*100 -> 1.4655208 | G119: =IFERROR(MIN($B$11,$B$12)*MIN(B119+C119,$B$11+$B$12-B119-C119)/($B$11+$B$12),"") -> 8.8638427 | H119: =IFERROR(($B$11+$B$12)*(B119*($B$12-C119)-($B$11-B119)*C119)^2/($B$11*$B$12*(B119+C119)*($B$11+$B$12-B119-C119)),"") -> 0.79905215 | I119: =IF(H119="","",IF(G119<5,"Fisher","χ²")) -> χ² | J119: =IF(H119="","",IF(G119<5,SUMPRODUCT((_xlfn.HYPGEOM.DIST(ROW(INDIRECT((MAX(0,B119+C119-$B$12)+1)&":"&(MIN($B$11,B119+C119)+1)))-1,$B$11,B119+C119,$B$11+$B$12,FALSE)<=_xlfn.HYPGEOM.DIST(B119,$B$11,B119+C119,$B$11+$B$12,FALSE)*(1+0.0000001))*_xlfn.HYPGEOM.DIST(ROW(INDIRECT((MAX(0,B119+C119-$B$12)+1)&":"&(MIN($B$11,B119+C119)+1)))-1,$B$11,B119+C119,$B$11+$B$12,FALSE)),_xlfn.CHISQ.DIST.RT(H119,1))) -> 0.37137691
A120: Object | B120: =SUMPRODUCT(Register_AI!$P$2:$P$288*((((Register_AI!$G$2:$G$288="object")*(Register_AI!$M$2:$M$288="TRUE"))+((Register_AI!$I$2:$I$288="object")*(Register_AI!$N$2:$N$288="TRUE"))+((Register_AI!$K$2:$K$288="object")*(Register_AI!$O$2:$O$288="TRUE")))>0)) -> 30 | C120: =SUMPRODUCT(Register_Conv!$P$2:$P$487*(((Register_Conv!$G$2:$G$487="object")+(Register_Conv!$I$2:$I$487="object")+(Register_Conv!$K$2:$K$487="object"))>0)) -> 38 | D120: =B120/$B$11 -> 0.13824885 | E120: =C120/$B$12 -> 0.085585586 | F120: =(D120-E120)*100 -> 5.2663262 | G120: =IFERROR(MIN($B$11,$B$12)*MIN(B120+C120,$B$11+$B$12-B120-C120)/($B$11+$B$12),"") -> 22.323752 | H120: =IFERROR(($B$11+$B$12)*(B120*($B$12-C120)-($B$11-B120)*C120)^2/($B$11*$B$12*(B120+C120)*($B$11+$B$12-B120-C120)),"") -> 4.3802215 | I120: =IF(H120="","",IF(G120<5,"Fisher","χ²")) -> χ² | J120: =IF(H120="","",IF(G120<5,SUMPRODUCT((_xlfn.HYPGEOM.DIST(ROW(INDIRECT((MAX(0,B120+C120-$B$12)+1)&":"&(MIN($B$11,B120+C120)+1)))-1,$B$11,B120+C120,$B$11+$B$12,FALSE)<=_xlfn.HYPGEOM.DIST(B120,$B$11,B120+C120,$B$11+$B$12,FALSE)*(1+0.0000001))*_xlfn.HYPGEOM.DIST(ROW(INDIRECT((MAX(0,B120+C120-$B$12)+1)&":"&(MIN($B$11,B120+C120)+1)))-1,$B$11,B120+C120,$B$11+$B$12,FALSE)),_xlfn.CHISQ.DIST.RT(H120,1))) -> 0.036358272
A129: F3 – Treatment of the subject, any slot: generated subjects in AI posts vs every subject in conventional posts (share of scene items)
A131: label | B131: n AI (generated) | C131: n conv | D131: share AI | E131: share conv | F131: diff (pp) | G131: min expected | H131: χ² | I131: test | J131: p
A132: Menace | B132: =SUMPRODUCT(Register_AI!$P$2:$P$288*((((Register_AI!$H$2:$H$288="menace")*(Register_AI!$M$2:$M$288="TRUE"))+((Register_AI!$J$2:$J$288="menace")*(Register_AI!$N$2:$N$288="TRUE"))+((Register_AI!$L$2:$L$288="menace")*(Register_AI!$O$2:$O$288="TRUE")))>0)) -> 50 | C132: =SUMPRODUCT(Register_Conv!$P$2:$P$487*(((Register_Conv!$H$2:$H$487="menace")+(Register_Conv!$J$2:$J$487="menace")+(Register_Conv!$L$2:$L$487="menace"))>0)) -> 28 | D132: =B132/$B$11 -> 0.23041475 | E132: =C132/$B$12 -> 0.063063063 | F132: =(D132-E132)*100 -> 16.735168 | G132: =IFERROR(MIN($B$11,$B$12)*MIN(B132+C132,$B$11+$B$12-B132-C132)/($B$11+$B$12),"") -> 25.606657 | H132: =IFERROR(($B$11+$B$12)*(B132*($B$12-C132)-($B$11-B132)*C132)^2/($B$11*$B$12*(B132+C132)*($B$11+$B$12-B132-C132)),"") -> 39.223033 | I132: =IF(H132="","",IF(G132<5,"Fisher","χ²")) -> χ² | J132: =IF(H132="","",IF(G132<5,SUMPRODUCT((_xlfn.HYPGEOM.DIST(ROW(INDIRECT((MAX(0,B132+C132-$B$12)+1)&":"&(MIN($B$11,B132+C132)+1)))-1,$B$11,B132+C132,$B$11+$B$12,FALSE)<=_xlfn.HYPGEOM.DIST(B132,$B$11,B132+C132,$B$11+$B$12,FALSE)*(1+0.0000001))*_xlfn.HYPGEOM.DIST(ROW(INDIRECT((MAX(0,B132+C132-$B$12)+1)&":"&(MIN($B$11,B132+C132)+1)))-1,$B$11,B132+C132,$B$11+$B$12,FALSE)),_xlfn.CHISQ.DIST.RT(H132,1))) -> 3.7805392e-10
A133: Othering | B133: =SUMPRODUCT(Register_AI!$P$2:$P$288*((((Register_AI!$H$2:$H$288="othering")*(Register_AI!$M$2:$M$288="TRUE"))+((Register_AI!$J$2:$J$288="othering")*(Register_AI!$N$2:$N$288="TRUE"))+((Register_AI!$L$2:$L$288="othering")*(Register_AI!$O$2:$O$288="TRUE")))>0)) -> 17 | C133: =SUMPRODUCT(Register_Conv!$P$2:$P$487*(((Register_Conv!$H$2:$H$487="othering")+(Register_Conv!$J$2:$J$487="othering")+(Register_Conv!$L$2:$L$487="othering"))>0)) -> 7 | D133: =B133/$B$11 -> 0.078341014 | E133: =C133/$B$12 -> 0.015765766 | F133: =(D133-E133)*100 -> 6.2575248 | G133: =IFERROR(MIN($B$11,$B$12)*MIN(B133+C133,$B$11+$B$12-B133-C133)/($B$11+$B$12),"") -> 7.8789713 | H133: =IFERROR(($B$11+$B$12)*(B133*($B$12-C133)-($B$11-B133)*C133)^2/($B$11*$B$12*(B133+C133)*($B$11+$B$12-B133-C133)),"") -> 16.311678 | I133: =IF(H133="","",IF(G133<5,"Fisher","χ²")) -> χ² | J133: =IF(H133="","",IF(G133<5,SUMPRODUCT((_xlfn.HYPGEOM.DIST(ROW(INDIRECT((MAX(0,B133+C133-$B$12)+1)&":"&(MIN($B$11,B133+C133)+1)))-1,$B$11,B133+C133,$B$11+$B$12,FALSE)<=_xlfn.HYPGEOM.DIST(B133,$B$11,B133+C133,$B$11+$B$12,FALSE)*(1+0.0000001))*_xlfn.HYPGEOM.DIST(ROW(INDIRECT((MAX(0,B133+C133-$B$12)+1)&":"&(MIN($B$11,B133+C133)+1)))-1,$B$11,B133+C133,$B$11+$B$12,FALSE)),_xlfn.CHISQ.DIST.RT(H133,1))) -> 5.3731787e-05
...

Sheet Register_AI
A1: seq | B1: i | C1: account | D1: country | E1: date | F1: branding_only | G1: subject1 | H1: predication1 | I1: subject2 | J1: predication2 | K1: subject3 | L1: predication3 | M1: subject1_AI | N1: subject2_AI | O1: subject3_AI | P1: scene | Q1: neg_pic | R1: pos_pic | S1: neu_pic | T1: own_leader_any
A2: 1 | B2: 696 | C2: BE_EU_vlaamsbelang | D2: BE | E2: 45335 | F2: 0 | G2: object | H2: victim | I2: institution | J2: blame | M2: TRUE | N2: TRUE | P2: =IF(F2=0,1,0) -> 1 | Q2: =IF(AND(P2=1,OR(ISNUMBER(MATCH(H2,{"menace","othering","ridicule","blame","victim"},0)),ISNUMBER(MATCH(J2,{"menace","othering","ridicule","blame","victim"},0)),ISNUMBER(MATCH(L2,{"menace","othering","ridicule","blame","victim"},0)))),1,0) -> 1 | R2: =IF(AND(P2=1,Q2=0,OR(ISNUMBER(MATCH(H2,{"wholesome","heroic"},0)),ISNUMBER(MATCH(J2,{"wholesome","heroic"},0)),ISNUMBER(MATCH(L2,{"wholesome","heroic"},0)))),1,0) -> 0 | S2: =IF(AND(P2=1,Q2=0,R2=0),1,0) -> 0 | T2: =IF(AND(P2=1,OR(G2="own_leader",I2="own_leader",K2="own_leader")),1,0) -> 0
A3: 2 | B3: 703 | C3: BE_EU_vlaamsbelang | D3: BE | E3: 45344 | F3: 0 | G3: institution | H3: heroic | M3: TRUE | P3: =IF(F3=0,1,0) -> 1 | Q3: =IF(AND(P3=1,OR(ISNUMBER(MATCH(H3,{"menace","othering","ridicule","blame","victim"},0)),ISNUMBER(MATCH(J3,{"menace","othering","ridicule","blame","victim"},0)),ISNUMBER(MATCH(L3,{"menace","othering","ridicule","blame","victim"},0)))),1,0) -> 0 | R3: =IF(AND(P3=1,Q3=0,OR(ISNUMBER(MATCH(H3,{"wholesome","heroic"},0)),ISNUMBER(MATCH(J3,{"wholesome","heroic"},0)),ISNUMBER(MATCH(L3,{"wholesome","heroic"},0)))),1,0) -> 1 | S3: =IF(AND(P3=1,Q3=0,R3=0),1,0) -> 0 | T3: =IF(AND(P3=1,OR(G3="own_leader",I3="own_leader",K3="own_leader")),1,0) -> 0
A4: 3 | B4: 742 | C4: BE_EU_vlaamsbelang | D4: BE | E4: 45384 | F4: 0 | G4: mass | H4: menace | M4: TRUE | P4: =IF(F4=0,1,0) -> 1 | Q4: =IF(AND(P4=1,OR(ISNUMBER(MATCH(H4,{"menace","othering","ridicule","blame","victim"},0)),ISNUMBER(MATCH(J4,{"menace","othering","ridicule","blame","victim"},0)),ISNUMBER(MATCH(L4,{"menace","othering","ridicule","blame","victim"},0)))),1,0) -> 1 | R4: =IF(AND(P4=1,Q4=0,OR(ISNUMBER(MATCH(H4,{"wholesome","heroic"},0)),ISNUMBER(MATCH(J4,{"wholesome","heroic"},0)),ISNUMBER(MATCH(L4,{"wholesome","heroic"},0)))),1,0) -> 0 | S4: =IF(AND(P4=1,Q4=0,R4=0),1,0) -> 0 | T4: =IF(AND(P4=1,OR(G4="own_leader",I4="own_leader",K4="own_leader")),1,0) -> 0
A5: 4 | B5: 872 | C5: DE_afd.bund | D5: DE | E5: 45594 | F5: 0 | G5: economy | H5: victim | M5: TRUE | P5: =IF(F5=0,1,0) -> 1 | Q5: =IF(AND(P5=1,OR(ISNUMBER(MATCH(H5,{"menace","othering","ridicule","blame","victim"},0)),ISNUMBER(MATCH(J5,{"menace","othering","ridicule","blame","victim"},0)),ISNUMBER(MATCH(L5,{"menace","othering","ridicule","blame","victim"},0)))),1,0) -> 1 | R5: =IF(AND(P5=1,Q5=0,OR(ISNUMBER(MATCH(H5,{"wholesome","heroic"},0)),ISNUMBER(MATCH(J5,{"wholesome","heroic"},0)),ISNUMBER(MATCH(L5,{"wholesome","heroic"},0)))),1,0) -> 0 | S5: =IF(AND(P5=1,Q5=0,R5=0),1,0) -> 0 | T5: =IF(AND(P5=1,OR(G5="own_leader",I5="own_leader",K5="own_leader")),1,0) -> 0
A6: 5 | B6: 873 | C6: DE_afd.bund | D6: DE | E6: 45595 | F6: 0 | G6: politician | H6: ridicule | M6: FALSE | P6: =IF(F6=0,1,0) -> 1 | Q6: =IF(AND(P6=1,OR(ISNUMBER(MATCH(H6,{"menace","othering","ridicule","blame","victim"},0)),ISNUMBER(MATCH(J6,{"menace","othering","ridicule","blame","victim"},0)),ISNUMBER(MATCH(L6,{"menace","othering","ridicule","blame","victim"},0)))),1,0) -> 1 | R6: =IF(AND(P6=1,Q6=0,OR(ISNUMBER(MATCH(H6,{"wholesome","heroic"},0)),ISNUMBER(MATCH(J6,{"wholesome","heroic"},0)),ISNUMBER(MATCH(L6,{"wholesome","heroic"},0)))),1,0) -> 0 | S6: =IF(AND(P6=1,Q6=0,R6=0),1,0) -> 0 | T6: =IF(AND(P6=1,OR(G6="own_leader",I6="own_leader",K6="own_leader")),1,0) -> 0
A7: 6 | B7: 874 | C7: DE_afd.bund | D7: DE | E7: 45595 | F7: 0 | G7: object | H7: none | M7: TRUE | P7: =IF(F7=0,1,0) -> 1 | Q7: =IF(AND(P7=1,OR(ISNUMBER(MATCH(H7,{"menace","othering","ridicule","blame","victim"},0)),ISNUMBER(MATCH(J7,{"menace","othering","ridicule","blame","victim"},0)),ISNUMBER(MATCH(L7,{"menace","othering","ridicule","blame","victim"},0)))),1,0) -> 0 | R7: =IF(AND(P7=1,Q7=0,OR(ISNUMBER(MATCH(H7,{"wholesome","heroic"},0)),ISNUMBER(MATCH(J7,{"wholesome","heroic"},0)),ISNUMBER(MATCH(L7,{"wholesome","heroic"},0)))),1,0) -> 0 | S7: =IF(AND(P7=1,Q7=0,R7=0),1,0) -> 1 | T7: =IF(AND(P7=1,OR(G7="own_leader",I7="own_leader",K7="own_leader")),1,0) -> 0
A8: 7 | B8: 875 | C8: DE_afd.bund | D8: DE | E8: 45596 | F8: 0 | G8: individual | H8: wholesome | M8: TRUE | P8: =IF(F8=0,1,0) -> 1 | Q8: =IF(AND(P8=1,OR(ISNUMBER(MATCH(H8,{"menace","othering","ridicule","blame","victim"},0)),ISNUMBER(MATCH(J8,{"menace","othering","ridicule","blame","victim"},0)),ISNUMBER(MATCH(L8,{"menace","othering","ridicule","blame","victim"},0)))),1,0) -> 0 | R8: =IF(AND(P8=1,Q8=0,OR(ISNUMBER(MATCH(H8,{"wholesome","heroic"},0)),ISNUMBER(MATCH(J8,{"wholesome","heroic"},0)),ISNUMBER(MATCH(L8,{"wholesome","heroic"},0)))),1,0) -> 1 | S8: =IF(AND(P8=1,Q8=0,R8=0),1,0) -> 0 | T8: =IF(AND(P8=1,OR(G8="own_leader",I8="own_leader",K8="own_leader")),1,0) -> 0
A9: 8 | B9: 876 | C9: DE_afd.bund | D9: DE | E9: 45596 | F9: 0 | G9: individual | H9: menace | M9: TRUE | P9: =IF(F9=0,1,0) -> 1 | Q9: =IF(AND(P9=1,OR(ISNUMBER(MATCH(H9,{"menace","othering","ridicule","blame","victim"},0)),ISNUMBER(MATCH(J9,{"menace","othering","ridicule","blame","victim"},0)),ISNUMBER(MATCH(L9,{"menace","othering","ridicule","blame","victim"},0)))),1,0) -> 1 | R9: =IF(AND(P9=1,Q9=0,OR(ISNUMBER(MATCH(H9,{"wholesome","heroic"},0)),ISNUMBER(MATCH(J9,{"wholesome","heroic"},0)),ISNUMBER(MATCH(L9,{"wholesome","heroic"},0)))),1,0) -> 0 | S9: =IF(AND(P9=1,Q9=0,R9=0),1,0) -> 0 | T9: =IF(AND(P9=1,OR(G9="own_leader",I9="own_leader",K9="own_leader")),1,0) -> 0
A10: 9 | B10: 877 | C10: DE_afd.bund | D10: DE | E10: 45597 | F10: 0 | G10: individual | H10: wholesome | M10: TRUE | P10: =IF(F10=0,1,0) -> 1 | Q10: =IF(AND(P10=1,OR(ISNUMBER(MATCH(H10,{"menace","othering","ridicule","blame","victim"},0)),ISNUMBER(MATCH(J10,{"menace","othering","ridicule","blame","victim"},0)),ISNUMBER(MATCH(L10,{"menace","othering","ridicule","blame","victim"},0)))),1,0) -> 0 | R10: =IF(AND(P10=1,Q10=0,OR(ISNUMBER(MATCH(H10,{"wholesome","heroic"},0)),ISNUMBER(MATCH(J10,{"wholesome","heroic"},0)),ISNUMBER(MATCH(L10,{"wholesome","heroic"},0)))),1,0) -> 1 | S10: =IF(AND(P10=1,Q10=0,R10=0),1,0) -> 0 | T10: =IF(AND(P10=1,OR(G10="own_leader",I10="own_leader",K10="own_leader")),1,0) -> 0
A11: 10 | B11: 879 | C11: DE_afd.bund | D11: DE | E11: 45600 | F11: 0 | G11: institution | H11: ridicule | I11: politician | J11: blame | M11: TRUE | N11: FALSE | P11: =IF(F11=0,1,0) -> 1 | Q11: =IF(AND(P11=1,OR(ISNUMBER(MATCH(H11,{"menace","othering","ridicule","blame","victim"},0)),ISNUMBER(MATCH(J11,{"menace","othering","ridicule","blame","victim"},0)),ISNUMBER(MATCH(L11,{"menace","othering","ridicule","blame","victim"},0)))),1,0) -> 1 | R11: =IF(AND(P11=1,Q11=0,OR(ISNUMBER(MATCH(H11,{"wholesome","heroic"},0)),ISNUMBER(MATCH(J11,{"wholesome","heroic"},0)),ISNUMBER(MATCH(L11,{"wholesome","heroic"},0)))),1,0) -> 0 | S11: =IF(AND(P11=1,Q11=0,R11=0),1,0) -> 0 | T11: =IF(AND(P11=1,OR(G11="own_leader",I11="own_leader",K11="own_leader")),1,0) -> 0
A12: 11 | B12: 888 | C12: DE_afd.bund | D12: DE | E12: 45607 | F12: 0 | G12: politician | H12: ridicule | M12: FALSE | P12: =IF(F12=0,1,0) -> 1 | Q12: =IF(AND(P12=1,OR(ISNUMBER(MATCH(H12,{"menace","othering","ridicule","blame","victim"},0)),ISNUMBER(MATCH(J12,{"menace","othering","ridicule","blame","victim"},0)),ISNUMBER(MATCH(L12,{"menace","othering","ridicule","blame","victim"},0)))),1,0) -> 1 | R12: =IF(AND(P12=1,Q12=0,OR(ISNUMBER(MATCH(H12,{"wholesome","heroic"},0)),ISNUMBER(MATCH(J12,{"wholesome","heroic"},0)),ISNUMBER(MATCH(L12,{"wholesome","heroic"},0)))),1,0) -> 0 | S12: =IF(AND(P12=1,Q12=0,R12=0),1,0) -> 0 | T12: =IF(AND(P12=1,OR(G12="own_leader",I12="own_leader",K12="own_leader")),1,0) -> 0
A13: 12 | B13: 892 | C13: DE_afd.bund | D13: DE | E13: 45614 | F13: 0 | G13: mass | H13: menace | I13: object | J13: none | M13: TRUE | N13: TRUE | P13: =IF(F13=0,1,0) -> 1 | Q13: =IF(AND(P13=1,OR(ISNUMBER(MATCH(H13,{"menace","othering","ridicule","blame","victim"},0)),ISNUMBER(MATCH(J13,{"menace","othering","ridicule","blame","victim"},0)),ISNUMBER(MATCH(L13,{"menace","othering","ridicule","blame","victim"},0)))),1,0) -> 1 | R13: =IF(AND(P13=1,Q13=0,OR(ISNUMBER(MATCH(H13,{"wholesome","heroic"},0)),ISNUMBER(MATCH(J13,{"wholesome","heroic"},0)),ISNUMBER(MATCH(L13,{"wholesome","heroic"},0)))),1,0) -> 0 | S13: =IF(AND(P13=1,Q13=0,R13=0),1,0) -> 0 | T13: =IF(AND(P13=1,OR(G13="own_leader",I13="own_leader",K13="own_leader")),1,0) -> 0
A14: 13 | B14: 899 | C14: DE_afd.bund | D14: DE | E14: 45618 | F14: 0 | G14: individual | H14: victim | I14: institution | J14: menace | M14: TRUE | N14: TRUE | P14: =IF(F14=0,1,0) -> 1 | Q14: =IF(AND(P14=1,OR(ISNUMBER(MATCH(H14,{"menace","othering","ridicule","blame","victim"},0)),ISNUMBER(MATCH(J14,{"menace","othering","ridicule","blame","victim"},0)),ISNUMBER(MATCH(L14,{"menace","othering","ridicule","blame","victim"},0)))),1,0) -> 1 | R14: =IF(AND(P14=1,Q14=0,OR(ISNUMBER(MATCH(H14,{"wholesome","heroic"},0)),ISNUMBER(MATCH(J14,{"wholesome","heroic"},0)),ISNUMBER(MATCH(L14,{"wholesome","heroic"},0)))),1,0) -> 0 | S14: =IF(AND(P14=1,Q14=0,R14=0),1,0) -> 0 | T14: =IF(AND(P14=1,OR(G14="own_leader",I14="own_leader",K14="own_leader")),1,0) -> 0
A15: 14 | B15: 901 | C15: DE_afd.bund | D15: DE | E15: 45622 | F15: 0 | G15: place | H15: victim | M15: TRUE | P15: =IF(F15=0,1,0) -> 1 | Q15: =IF(AND(P15=1,OR(ISNUMBER(MATCH(H15,{"menace","othering","ridicule","blame","victim"},0)),ISNUMBER(MATCH(J15,{"menace","othering","ridicule","blame","victim"},0)),ISNUMBER(MATCH(L15,{"menace","othering","ridicule","blame","victim"},0)))),1,0) -> 1 | R15: =IF(AND(P15=1,Q15=0,OR(ISNUMBER(MATCH(H15,{"wholesome","heroic"},0)),ISNUMBER(MATCH(J15,{"wholesome","heroic"},0)),ISNUMBER(MATCH(L15,{"wholesome","heroic"},0)))),1,0) -> 0 | S15: =IF(AND(P15=1,Q15=0,R15=0),1,0) -> 0 | T15: =IF(AND(P15=1,OR(G15="own_leader",I15="own_leader",K15="own_leader")),1,0) -> 0
A16: 15 | B16: 902 | C16: DE_afd.bund | D16: DE | E16: 45622 | F16: 0 | G16: individual | H16: victim | M16: TRUE | P16: =IF(F16=0,1,0) -> 1 | Q16: =IF(AND(P16=1,OR(ISNUMBER(MATCH(H16,{"menace","othering","ridicule","blame","victim"},0)),ISNUMBER(MATCH(J16,{"menace","othering","ridicule","blame","victim"},0)),ISNUMBER(MATCH(L16,{"menace","othering","ridicule","blame","victim"},0)))),1,0) -> 1 | R16: =IF(AND(P16=1,Q16=0,OR(ISNUMBER(MATCH(H16,{"wholesome","heroic"},0)),ISNUMBER(MATCH(J16,{"wholesome","heroic"},0)),ISNUMBER(MATCH(L16,{"wholesome","heroic"},0)))),1,0) -> 0 | S16: =IF(AND(P16=1,Q16=0,R16=0),1,0) -> 0 | T16: =IF(AND(P16=1,OR(G16="own_leader",I16="own_leader",K16="own_leader")),1,0) -> 0
A17: 16 | B17: 907 | C17: DE_afd.bund | D17: DE | E17: 45624 | F17: 0 | G17: individual | H17: ridicule | M17: TRUE | P17: =IF(F17=0,1,0) -> 1 | Q17: =IF(AND(P17=1,OR(ISNUMBER(MATCH(H17,{"menace","othering","ridicule","blame","victim"},0)),ISNUMBER(MATCH(J17,{"menace","othering","ridicule","blame","victim"},0)),ISNUMBER(MATCH(L17,{"menace","othering","ridicule","blame","victim"},0)))),1,0) -> 1 | R17: =IF(AND(P17=1,Q17=0,OR(ISNUMBER(MATCH(H17,{"wholesome","heroic"},0)),ISNUMBER(MATCH(J17,{"wholesome","heroic"},0)),ISNUMBER(MATCH(L17,{"wholesome","heroic"},0)))),1,0) -> 0 | S17: =IF(AND(P17=1,Q17=0,R17=0),1,0) -> 0 | T17: =IF(AND(P17=1,OR(G17="own_leader",I17="own_leader",K17="own_leader")),1,0) -> 0
A18: 17 | B18: 910 | C18: DE_afd.bund | D18: DE | E18: 45625 | F18: 0 | G18: mass | H18: menace | M18: TRUE | P18: =IF(F18=0,1,0) -> 1 | Q18: =IF(AND(P18=1,OR(ISNUMBER(MATCH(H18,{"menace","othering","ridicule","blame","victim"},0)),ISNUMBER(MATCH(J18,{"menace","othering","ridicule","blame","victim"},0)),ISNUMBER(MATCH(L18,{"menace","othering","ridicule","blame","victim"},0)))),1,0) -> 1 | R18: =IF(AND(P18=1,Q18=0,OR(ISNUMBER(MATCH(H18,{"wholesome","heroic"},0)),ISNUMBER(MATCH(J18,{"wholesome","heroic"},0)),ISNUMBER(MATCH(L18,{"wholesome","heroic"},0)))),1,0) -> 0 | S18: =IF(AND(P18=1,Q18=0,R18=0),1,0) -> 0 | T18: =IF(AND(P18=1,OR(G18="own_leader",I18="own_leader",K18="own_leader")),1,0) -> 0
A19: 18 | B19: 912 | C19: DE_afd.bund | D19: DE | E19: 45629 | F19: 0 | G19: object | H19: menace | I19: politician | J19: blame | M19: TRUE | N19: FALSE | P19: =IF(F19=0,1,0) -> 1 | Q19: =IF(AND(P19=1,OR(ISNUMBER(MATCH(H19,{"menace","othering","ridicule","blame","victim"},0)),ISNUMBER(MATCH(J19,{"menace","othering","ridicule","blame","victim"},0)),ISNUMBER(MATCH(L19,{"menace","othering","ridicule","blame","victim"},0)))),1,0) -> 1 | R19: =IF(AND(P19=1,Q19=0,OR(ISNUMBER(MATCH(H19,{"wholesome","heroic"},0)),ISNUMBER(MATCH(J19,{"wholesome","heroic"},0)),ISNUMBER(MATCH(L19,{"wholesome","heroic"},0)))),1,0) -> 0 | S19: =IF(AND(P19=1,Q19=0,R19=0),1,0) -> 0 | T19: =IF(AND(P19=1,OR(G19="own_leader",I19="own_leader",K19="own_leader")),1,0) -> 0
A20: 19 | B20: 916 | C20: DE_afd.bund | D20: DE | E20: 45631 | F20: 0 | G20: politician | H20: ridicule | M20: FALSE | P20: =IF(F20=0,1,0) -> 1 | Q20: =IF(AND(P20=1,OR(ISNUMBER(MATCH(H20,{"menace","othering","ridicule","blame","victim"},0)),ISNUMBER(MATCH(J20,{"menace","othering","ridicule","blame","victim"},0)),ISNUMBER(MATCH(L20,{"menace","othering","ridicule","blame","victim"},0)))),1,0) -> 1 | R20: =IF(AND(P20=1,Q20=0,OR(ISNUMBER(MATCH(H20,{"wholesome","heroic"},0)),ISNUMBER(MATCH(J20,{"wholesome","heroic"},0)),ISNUMBER(MATCH(L20,{"wholesome","heroic"},0)))),1,0) -> 0 | S20: =IF(AND(P20=1,Q20=0,R20=0),1,0) -> 0 | T20: =IF(AND(P20=1,OR(G20="own_leader",I20="own_leader",K20="own_leader")),1,0) -> 0
A21: 20 | B21: 917 | C21: DE_afd.bund | D21: DE | E21: 45632 | F21: 0 | G21: object | H21: none | M21: TRUE | P21: =IF(F21=0,1,0) -> 1 | Q21: =IF(AND(P21=1,OR(ISNUMBER(MATCH(H21,{"menace","othering","ridicule","blame","victim"},0)),ISNUMBER(MATCH(J21,{"menace","othering","ridicule","blame","victim"},0)),ISNUMBER(MATCH(L21,{"menace","othering","ridicule","blame","victim"},0)))),1,0) -> 0 | R21: =IF(AND(P21=1,Q21=0,OR(ISNUMBER(MATCH(H21,{"wholesome","heroic"},0)),ISNUMBER(MATCH(J21,{"wholesome","heroic"},0)),ISNUMBER(MATCH(L21,{"wholesome","heroic"},0)))),1,0) -> 0 | S21: =IF(AND(P21=1,Q21=0,R21=0),1,0) -> 1 | T21: =IF(AND(P21=1,OR(G21="own_leader",I21="own_leader",K21="own_leader")),1,0) -> 0
A22: 21 | B22: 919 | C22: DE_afd.bund | D22: DE | E22: 45632 | F22: 0 | G22: individual | H22: victim | M22: TRUE | P22: =IF(F22=0,1,0) -> 1 | Q22: =IF(AND(P22=1,OR(ISNUMBER(MATCH(H22,{"menace","othering","ridicule","blame","victim"},0)),ISNUMBER(MATCH(J22,{"menace","othering","ridicule","blame","victim"},0)),ISNUMBER(MATCH(L22,{"menace","othering","ridicule","blame","victim"},0)))),1,0) -> 1 | R22: =IF(AND(P22=1,Q22=0,OR(ISNUMBER(MATCH(H22,{"wholesome","heroic"},0)),ISNUMBER(MATCH(J22,{"wholesome","heroic"},0)),ISNUMBER(MATCH(L22,{"wholesome","heroic"},0)))),1,0) -> 0 | S22: =IF(AND(P22=1,Q22=0,R22=0),1,0) -> 0 | T22: =IF(AND(P22=1,OR(G22="own_leader",I22="own_leader",K22="own_leader")),1,0) -> 0
A23: 22 | B23: 922 | C23: DE_afd.bund | D23: DE | E23: 45635 | F23: 0 | G23: individual | H23: victim | M23: TRUE | P23: =IF(F23=0,1,0) -> 1 | Q23: =IF(AND(P23=1,OR(ISNUMBER(MATCH(H23,{"menace","othering","ridicule","blame","victim"},0)),ISNUMBER(MATCH(J23,{"menace","othering","ridicule","blame","victim"},0)),ISNUMBER(MATCH(L23,{"menace","othering","ridicule","blame","victim"},0)))),1,0) -> 1 | R23: =IF(AND(P23=1,Q23=0,OR(ISNUMBER(MATCH(H23,{"wholesome","heroic"},0)),ISNUMBER(MATCH(J23,{"wholesome","heroic"},0)),ISNUMBER(MATCH(L23,{"wholesome","heroic"},0)))),1,0) -> 0 | S23: =IF(AND(P23=1,Q23=0,R23=0),1,0) -> 0 | T23: =IF(AND(P23=1,OR(G23="own_leader",I23="own_leader",K23="own_leader")),1,0) -> 0
A24: 23 | B24: 926 | C24: DE_afd.bund | D24: DE | E24: 45639 | F24: 0 | G24: mass | H24: menace | M24: TRUE | P24: =IF(F24=0,1,0) -> 1 | Q24: =IF(AND(P24=1,OR(ISNUMBER(MATCH(H24,{"menace","othering","ridicule","blame","victim"},0)),ISNUMBER(MATCH(J24,{"menace","othering","ridicule","blame","victim"},0)),ISNUMBER(MATCH(L24,{"menace","othering","ridicule","blame","victim"},0)))),1,0) -> 1 | R24: =IF(AND(P24=1,Q24=0,OR(ISNUMBER(MATCH(H24,{"wholesome","heroic"},0)),ISNUMBER(MATCH(J24,{"wholesome","heroic"},0)),ISNUMBER(MATCH(L24,{"wholesome","heroic"},0)))),1,0) -> 0 | S24: =IF(AND(P24=1,Q24=0,R24=0),1,0) -> 0 | T24: =IF(AND(P24=1,OR(G24="own_leader",I24="own_leader",K24="own_leader")),1,0) -> 0
A25: 24 | B25: 931 | C25: DE_afd.bund | D25: DE | E25: 45643 | F25: 0 | G25: economy | H25: none | M25: TRUE | P25: =IF(F25=0,1,0) -> 1 | Q25: =IF(AND(P25=1,OR(ISNUMBER(MATCH(H25,{"menace","othering","ridicule","blame","victim"},0)),ISNUMBER(MATCH(J25,{"menace","othering","ridicule","blame","victim"},0)),ISNUMBER(MATCH(L25,{"menace","othering","ridicule","blame","victim"},0)))),1,0) -> 0 | R25: =IF(AND(P25=1,Q25=0,OR(ISNUMBER(MATCH(H25,{"wholesome","heroic"},0)),ISNUMBER(MATCH(J25,{"wholesome","heroic"},0)),ISNUMBER(MATCH(L25,{"wholesome","heroic"},0)))),1,0) -> 0 | S25: =IF(AND(P25=1,Q25=0,R25=0),1,0) -> 1 | T25: =IF(AND(P25=1,OR(G25="own_leader",I25="own_leader",K25="own_leader")),1,0) -> 0
A26: 25 | B26: 938 | C26: DE_afd.bund | D26: DE | E26: 45645 | F26: 0 | G26: object | H26: victim | M26: TRUE | P26: =IF(F26=0,1,0) -> 1 | Q26: =IF(AND(P26=1,OR(ISNUMBER(MATCH(H26,{"menace","othering","ridicule","blame","victim"},0)),ISNUMBER(MATCH(J26,{"menace","othering","ridicule","blame","victim"},0)),ISNUMBER(MATCH(L26,{"menace","othering","ridicule","blame","victim"},0)))),1,0) -> 1 | R26: =IF(AND(P26=1,Q26=0,OR(ISNUMBER(MATCH(H26,{"wholesome","heroic"},0)),ISNUMBER(MATCH(J26,{"wholesome","heroic"},0)),ISNUMBER(MATCH(L26,{"wholesome","heroic"},0)))),1,0) -> 0 | S26: =IF(AND(P26=1,Q26=0,R26=0),1,0) -> 0 | T26: =IF(AND(P26=1,OR(G26="own_leader",I26="own_leader",K26="own_leader")),1,0) -> 0
A27: 26 | B27: 940 | C27: DE_afd.bund | D27: DE | E27: 45646 | F27: 0 | G27: politician | H27: none | M27: TRUE | P27: =IF(F27=0,1,0) -> 1 | Q27: =IF(AND(P27=1,OR(ISNUMBER(MATCH(H27,{"menace","othering","ridicule","blame","victim"},0)),ISNUMBER(MATCH(J27,{"menace","othering","ridicule","blame","victim"},0)),ISNUMBER(MATCH(L27,{"menace","othering","ridicule","blame","victim"},0)))),1,0) -> 0 | R27: =IF(AND(P27=1,Q27=0,OR(ISNUMBER(MATCH(H27,{"wholesome","heroic"},0)),ISNUMBER(MATCH(J27,{"wholesome","heroic"},0)),ISNUMBER(MATCH(L27,{"wholesome","heroic"},0)))),1,0) -> 0 | S27: =IF(AND(P27=1,Q27=0,R27=0),1,0) -> 1 | T27: =IF(AND(P27=1,OR(G27="own_leader",I27="own_leader",K27="own_leader")),1,0) -> 0
A28: 27 | B28: 968 | C28: DE_afd.bund | D28: DE | E28: 45665 | F28: 0 | G28: individual | H28: heroic | M28: TRUE | P28: =IF(F28=0,1,0) -> 1 | Q28: =IF(AND(P28=1,OR(ISNUMBER(MATCH(H28,{"menace","othering","ridicule","blame","victim"},0)),ISNUMBER(MATCH(J28,{"menace","othering","ridicule","blame","victim"},0)),ISNUMBER(MATCH(L28,{"menace","othering","ridicule","blame","victim"},0)))),1,0) -> 0 | R28: =IF(AND(P28=1,Q28=0,OR(ISNUMBER(MATCH(H28,{"wholesome","heroic"},0)),ISNUMBER(MATCH(J28,{"wholesome","heroic"},0)),ISNUMBER(MATCH(L28,{"wholesome","heroic"},0)))),1,0) -> 1 | S28: =IF(AND(P28=1,Q28=0,R28=0),1,0) -> 0 | T28: =IF(AND(P28=1,OR(G28="own_leader",I28="own_leader",K28="own_leader")),1,0) -> 0
A29: 28 | B29: 969 | C29: DE_afd.bund | D29: DE | E29: 45666 | F29: 0 | G29: individual | H29: wholesome | M29: TRUE | P29: =IF(F29=0,1,0) -> 1 | Q29: =IF(AND(P29=1,OR(ISNUMBER(MATCH(H29,{"menace","othering","ridicule","blame","victim"},0)),ISNUMBER(MATCH(J29,{"menace","othering","ridicule","blame","victim"},0)),ISNUMBER(MATCH(L29,{"menace","othering","ridicule","blame","victim"},0)))),1,0) -> 0 | R29: =IF(AND(P29=1,Q29=0,OR(ISNUMBER(MATCH(H29,{"wholesome","heroic"},0)),ISNUMBER(MATCH(J29,{"wholesome","heroic"},0)),ISNUMBER(MATCH(L29,{"wholesome","heroic"},0)))),1,0) -> 1 | S29: =IF(AND(P29=1,Q29=0,R29=0),1,0) -> 0 | T29: =IF(AND(P29=1,OR(G29="own_leader",I29="own_leader",K29="own_leader")),1,0) -> 0
A30: 29 | B30: 972 | C30: DE_afd.bund | D30: DE | E30: 45668 | F30: 0 | G30: individual | H30: wholesome | M30: TRUE | P30: =IF(F30=0,1,0) -> 1 | Q30: =IF(AND(P30=1,OR(ISNUMBER(MATCH(H30,{"menace","othering","ridicule","blame","victim"},0)),ISNUMBER(MATCH(J30,{"menace","othering","ridicule","blame","victim"},0)),ISNUMBER(MATCH(L30,{"menace","othering","ridicule","blame","victim"},0)))),1,0) -> 0 | R30: =IF(AND(P30=1,Q30=0,OR(ISNUMBER(MATCH(H30,{"wholesome","heroic"},0)),ISNUMBER(MATCH(J30,{"wholesome","heroic"},0)),ISNUMBER(MATCH(L30,{"wholesome","heroic"},0)))),1,0) -> 1 | S30: =IF(AND(P30=1,Q30=0,R30=0),1,0) -> 0 | T30: =IF(AND(P30=1,OR(G30="own_leader",I30="own_leader",K30="own_leader")),1,0) -> 0
A31: 30 | B31: 974 | C31: DE_afd.bund | D31: DE | E31: 45669 | F31: 0 | G31: individual | H31: wholesome | M31: TRUE | P31: =IF(F31=0,1,0) -> 1 | Q31: =IF(AND(P31=1,OR(ISNUMBER(MATCH(H31,{"menace","othering","ridicule","blame","victim"},0)),ISNUMBER(MATCH(J31,{"menace","othering","ridicule","blame","victim"},0)),ISNUMBER(MATCH(L31,{"menace","othering","ridicule","blame","victim"},0)))),1,0) -> 0 | R31: =IF(AND(P31=1,Q31=0,OR(ISNUMBER(MATCH(H31,{"wholesome","heroic"},0)),ISNUMBER(MATCH(J31,{"wholesome","heroic"},0)),ISNUMBER(MATCH(L31,{"wholesome","heroic"},0)))),1,0) -> 1 | S31: =IF(AND(P31=1,Q31=0,R31=0),1,0) -> 0 | T31: =IF(AND(P31=1,OR(G31="own_leader",I31="own_leader",K31="own_leader")),1,0) -> 0
... A39: 38 | B39: 989 | C39: DE_afd.bund | D39: DE | E39: 45674 | F39: 0 | G39: individual | H39: wholesome | M39: TRUE | P39: =IF(F39=0,1,0) -> 1 | Q39: =IF(AND(P39=1,OR(ISNUMBER(MATCH(H39,{"menace","othering","ridicule","blame","victim"},0)),ISNUMBER(MATCH(J39,{"menace","othering","ridicule","blame","victim"},0)),ISNUMBER(MATCH(L39,{"menace","othering","ridicule","blame","victim"},0)))),1,0) -> 0 | R39: =IF(AND(P39=1,Q39=0,OR(ISNUMBER(MATCH(H39,{"wholesome","heroic"},0)),ISNUMBER(MATCH(J39,{"wholesome","heroic"},0)),ISNUMBER(MATCH(L39,{"wholesome","heroic"},0)))),1,0) -> 1 | S39: =IF(AND(P39=1,Q39=0,R39=0),1,0) -> 0 | T39: =IF(AND(P39=1,OR(G39="own_leader",I39="own_leader",K39="own_leader")),1,0) -> 0
A40: 39 | B40: 993 | C40: DE_afd.bund | D40: DE | E40: 45677 | F40: 0 | G40: object | H40: none | I40: individual | J40: othering | M40: TRUE | N40: TRUE | P40: =IF(F40=0,1,0) -> 1 | Q40: =IF(AND(P40=1,OR(ISNUMBER(MATCH(H40,{"menace","othering","ridicule","blame","victim"},0)),ISNUMBER(MATCH(J40,{"menace","othering","ridicule","blame","victim"},0)),ISNUMBER(MATCH(L40,{"menace","othering","ridicule","blame","victim"},0)))),1,0) -> 1 | R40: =IF(AND(P40=1,Q40=0,OR(ISNUMBER(MATCH(H40,{"wholesome","heroic"},0)),ISNUMBER(MATCH(J40,{"wholesome","heroic"},0)),ISNUMBER(MATCH(L40,{"wholesome","heroic"},0)))),1,0) -> 0 | S40: =IF(AND(P40=1,Q40=0,R40=0),1,0) -> 0 | T40: =IF(AND(P40=1,OR(G40="own_leader",I40="own_leader",K40="own_leader")),1,0) -> 0
A41: 40 | B41: 995 | C41: DE_afd.bund | D41: DE | E41: 45678 | F41: 0 | G41: politician | H41: heroic | M41: TRUE | P41: =IF(F41=0,1,0) -> 1 | Q41: =IF(AND(P41=1,OR(ISNUMBER(MATCH(H41,{"menace","othering","ridicule","blame","victim"},0)),ISNUMBER(MATCH(J41,{"menace","othering","ridicule","blame","victim"},0)),ISNUMBER(MATCH(L41,{"menace","othering","ridicule","blame","victim"},0)))),1,0) -> 0 | R41: =IF(AND(P41=1,Q41=0,OR(ISNUMBER(MATCH(H41,{"wholesome","heroic"},0)),ISNUMBER(MATCH(J41,{"wholesome","heroic"},0)),ISNUMBER(MATCH(L41,{"wholesome","heroic"},0)))),1,0) -> 1 | S41: =IF(AND(P41=1,Q41=0,R41=0),1,0) -> 0 | T41: =IF(AND(P41=1,OR(G41="own_leader",I41="own_leader",K41="own_leader")),1,0) -> 0
A42: 41 | B42: 996 | C42: DE_afd.bund | D42: DE | E42: 45678 | F42: 0 | G42: individual | H42: wholesome | M42: TRUE | P42: =IF(F42=0,1,0) -> 1 | Q42: =IF(AND(P42=1,OR(ISNUMBER(MATCH(H42,{"menace","othering","ridicule","blame","victim"},0)),ISNUMBER(MATCH(J42,{"menace","othering","ridicule","blame","victim"},0)),ISNUMBER(MATCH(L42,{"menace","othering","ridicule","blame","victim"},0)))),1,0) -> 0 | R42: =IF(AND(P42=1,Q42=0,OR(ISNUMBER(MATCH(H42,{"wholesome","heroic"},0)),ISNUMBER(MATCH(J42,{"wholesome","heroic"},0)),ISNUMBER(MATCH(L42,{"wholesome","heroic"},0)))),1,0) -> 1 | S42: =IF(AND(P42=1,Q42=0,R42=0),1,0) -> 0 | T42: =IF(AND(P42=1,OR(G42="own_leader",I42="own_leader",K42="own_leader")),1,0) -> 0
A43: 42 | B43: 1006 | C43: DE_afd.bund | D43: DE | E43: 45684 | F43: 0 | G43: individual | H43: wholesome | M43: TRUE | P43: =IF(F43=0,1,0) -> 1 | Q43: =IF(AND(P43=1,OR(ISNUMBER(MATCH(H43,{"menace","othering","ridicule","blame","victim"},0)),ISNUMBER(MATCH(J43,{"menace","othering","ridicule","blame","victim"},0)),ISNUMBER(MATCH(L43,{"menace","othering","ridicule","blame","victim"},0)))),1,0) -> 0 | R43: =IF(AND(P43=1,Q43=0,OR(ISNUMBER(MATCH(H43,{"wholesome","heroic"},0)),ISNUMBER(MATCH(J43,{"wholesome","heroic"},0)),ISNUMBER(MATCH(L43,{"wholesome","heroic"},0)))),1,0) -> 1 | S43: =IF(AND(P43=1,Q43=0,R43=0),1,0) -> 0 | T43: =IF(AND(P43=1,OR(G43="own_leader",I43="own_leader",K43="own_leader")),1,0) -> 0
A44: 43 | B44: 1009 | C44: DE_afd.bund | D44: DE | E44: 45686 | F44: 0 | G44: individual | H44: wholesome | M44: TRUE | P44: =IF(F44=0,1,0) -> 1 | Q44: =IF(AND(P44=1,OR(ISNUMBER(MATCH(H44,{"menace","othering","ridicule","blame","victim"},0)),ISNUMBER(MATCH(J44,{"menace","othering","ridicule","blame","victim"},0)),ISNUMBER(MATCH(L44,{"menace","othering","ridicule","blame","victim"},0)))),1,0) -> 0 | R44: =IF(AND(P44=1,Q44=0,OR(ISNUMBER(MATCH(H44,{"wholesome","heroic"},0)),ISNUMBER(MATCH(J44,{"wholesome","heroic"},0)),ISNUMBER(MATCH(L44,{"wholesome","heroic"},0)))),1,0) -> 1 | S44: =IF(AND(P44=1,Q44=0,R44=0),1,0) -> 0 | T44: =IF(AND(P44=1,OR(G44="own_leader",I44="own_leader",K44="own_leader")),1,0) -> 0
A45: 44 | B45: 1010 | C45: DE_afd.bund | D45: DE | E45: 45687 | F45: 0 | G45: object | H45: none | I45: individual | J45: none | M45: TRUE | N45: TRUE | P45: =IF(F45=0,1,0) -> 1 | Q45: =IF(AND(P45=1,OR(ISNUMBER(MATCH(H45,{"menace","othering","ridicule","blame","victim"},0)),ISNUMBER(MATCH(J45,{"menace","othering","ridicule","blame","victim"},0)),ISNUMBER(MATCH(L45,{"menace","othering","ridicule","blame","victim"},0)))),1,0) -> 0 | R45: =IF(AND(P45=1,Q45=0,OR(ISNUMBER(MATCH(H45,{"wholesome","heroic"},0)),ISNUMBER(MATCH(J45,{"wholesome","heroic"},0)),ISNUMBER(MATCH(L45,{"wholesome","heroic"},0)))),1,0) -> 0 | S45: =IF(AND(P45=1,Q45=0,R45=0),1,0) -> 1 | T45: =IF(AND(P45=1,OR(G45="own_leader",I45="own_leader",K45="own_leader")),1,0) -> 0
A46: 45 | B46: 1014 | C46: DE_afd.bund | D46: DE | E46: 45692 | F46: 0 | G46: individual | H46: none | M46: TRUE | P46: =IF(F46=0,1,0) -> 1 | Q46: =IF(AND(P46=1,OR(ISNUMBER(MATCH(H46,{"menace","othering","ridicule","blame","victim"},0)),ISNUMBER(MATCH(J46,{"menace","othering","ridicule","blame","victim"},0)),ISNUMBER(MATCH(L46,{"menace","othering","ridicule","blame","victim"},0)))),1,0) -> 0 | R46: =IF(AND(P46=1,Q46=0,OR(ISNUMBER(MATCH(H46,{"wholesome","heroic"},0)),ISNUMBER(MATCH(J46,{"wholesome","heroic"},0)),ISNUMBER(MATCH(L46,{"wholesome","heroic"},0)))),1,0) -> 0 | S46: =IF(AND(P46=1,Q46=0,R46=0),1,0) -> 1 | T46: =IF(AND(P46=1,OR(G46="own_leader",I46="own_leader",K46="own_leader")),1,0) -> 0
A47: 46 | B47: 1016 | C47: DE_afd.bund | D47: DE | E47: 45693 | F47: 0 | G47: individual | H47: none | M47: TRUE | P47: =IF(F47=0,1,0) -> 1 | Q47: =IF(AND(P47=1,OR(ISNUMBER(MATCH(H47,{"menace","othering","ridicule","blame","victim"},0)),ISNUMBER(MATCH(J47,{"menace","othering","ridicule","blame","victim"},0)),ISNUMBER(MATCH(L47,{"menace","othering","ridicule","blame","victim"},0)))),1,0) -> 0 | R47: =IF(AND(P47=1,Q47=0,OR(ISNUMBER(MATCH(H47,{"wholesome","heroic"},0)),ISNUMBER(MATCH(J47,{"wholesome","heroic"},0)),ISNUMBER(MATCH(L47,{"wholesome","heroic"},0)))),1,0) -> 0 | S47: =IF(AND(P47=1,Q47=0,R47=0),1,0) -> 1 | T47: =IF(AND(P47=1,OR(G47="own_leader",I47="own_leader",K47="own_leader")),1,0) -> 0
A48: 47 | B48: 1017 | C48: DE_afd.bund | D48: DE | E48: 45694 | F48: 0 | G48: individual | H48: ridicule | I48: place | J48: victim | M48: TRUE | N48: TRUE | P48: =IF(F48=0,1,0) -> 1 | Q48: =IF(AND(P48=1,OR(ISNUMBER(MATCH(H48,{"menace","othering","ridicule","blame","victim"},0)),ISNUMBER(MATCH(J48,{"menace","othering","ridicule","blame","victim"},0)),ISNUMBER(MATCH(L48,{"menace","othering","ridicule","blame","victim"},0)))),1,0) -> 1 | R48: =IF(AND(P48=1,Q48=0,OR(ISNUMBER(MATCH(H48,{"wholesome","heroic"},0)),ISNUMBER(MATCH(J48,{"wholesome","heroic"},0)),ISNUMBER(MATCH(L48,{"wholesome","heroic"},0)))),1,0) -> 0 | S48: =IF(AND(P48=1,Q48=0,R48=0),1,0) -> 0 | T48: =IF(AND(P48=1,OR(G48="own_leader",I48="own_leader",K48="own_leader")),1,0) -> 0
A49: 48 | B49: 1019 | C49: DE_afd.bund | D49: DE | E49: 45694 | F49: 0 | G49: politician | H49: ridicule | M49: FALSE | P49: =IF(F49=0,1,0) -> 1 | Q49: =IF(AND(P49=1,OR(ISNUMBER(MATCH(H49,{"menace","othering","ridicule","blame","victim"},0)),ISNUMBER(MATCH(J49,{"menace","othering","ridicule","blame","victim"},0)),ISNUMBER(MATCH(L49,{"menace","othering","ridicule","blame","victim"},0)))),1,0) -> 1 | R49: =IF(AND(P49=1,Q49=0,OR(ISNUMBER(MATCH(H49,{"wholesome","heroic"},0)),ISNUMBER(MATCH(J49,{"wholesome","heroic"},0)),ISNUMBER(MATCH(L49,{"wholesome","heroic"},0)))),1,0) -> 0 | S49: =IF(AND(P49=1,Q49=0,R49=0),1,0) -> 0 | T49: =IF(AND(P49=1,OR(G49="own_leader",I49="own_leader",K49="own_leader")),1,0) -> 0
A50: 49 | B50: 1020 | C50: DE_afd.bund | D50: DE | E50: 45694 | F50: 0 | G50: politician | H50: none | I50: own_leader | J50: heroic | K50: mass | L50: wholesome | M50: TRUE | N50: FALSE | O50: FALSE | P50: =IF(F50=0,1,0) -> 1 | Q50: =IF(AND(P50=1,OR(ISNUMBER(MATCH(H50,{"menace","othering","ridicule","blame","victim"},0)),ISNUMBER(MATCH(J50,{"menace","othering","ridicule","blame","victim"},0)),ISNUMBER(MATCH(L50,{"menace","othering","ridicule","blame","victim"},0)))),1,0) -> 0 | R50: =IF(AND(P50=1,Q50=0,OR(ISNUMBER(MATCH(H50,{"wholesome","heroic"},0)),ISNUMBER(MATCH(J50,{"wholesome","heroic"},0)),ISNUMBER(MATCH(L50,{"wholesome","heroic"},0)))),1,0) -> 1 | S50: =IF(AND(P50=1,Q50=0,R50=0),1,0) -> 0 | T50: =IF(AND(P50=1,OR(G50="own_leader",I50="own_leader",K50="own_leader")),1,0) -> 1
A51: 50 | B51: 1024 | C51: DE_afd.bund | D51: DE | E51: 45695 | F51: 0 | G51: individual | H51: wholesome | M51: TRUE | P51: =IF(F51=0,1,0) -> 1 | Q51: =IF(AND(P51=1,OR(ISNUMBER(MATCH(H51,{"menace","othering","ridicule","blame","victim"},0)),ISNUMBER(MATCH(J51,{"menace","othering","ridicule","blame","victim"},0)),ISNUMBER(MATCH(L51,{"menace","othering","ridicule","blame","victim"},0)))),1,0) -> 0 | R51: =IF(AND(P51=1,Q51=0,OR(ISNUMBER(MATCH(H51,{"wholesome","heroic"},0)),ISNUMBER(MATCH(J51,{"wholesome","heroic"},0)),ISNUMBER(MATCH(L51,{"wholesome","heroic"},0)))),1,0) -> 1 | S51: =IF(AND(P51=1,Q51=0,R51=0),1,0) -> 0 | T51: =IF(AND(P51=1,OR(G51="own_leader",I51="own_leader",K51="own_leader")),1,0) -> 0
A52: 51 | B52: 1026 | C52: DE_afd.bund | D52: DE | E52: 45697 | F52: 0 | G52: individual | H52: wholesome | M52: TRUE | P52: =IF(F52=0,1,0) -> 1 | Q52: =IF(AND(P52=1,OR(ISNUMBER(MATCH(H52,{"menace","othering","ridicule","blame","victim"},0)),ISNUMBER(MATCH(J52,{"menace","othering","ridicule","blame","victim"},0)),ISNUMBER(MATCH(L52,{"menace","othering","ridicule","blame","victim"},0)))),1,0) -> 0 | R52: =IF(AND(P52=1,Q52=0,OR(ISNUMBER(MATCH(H52,{"wholesome","heroic"},0)),ISNUMBER(MATCH(J52,{"wholesome","heroic"},0)),ISNUMBER(MATCH(L52,{"wholesome","heroic"},0)))),1,0) -> 1 | S52: =IF(AND(P52=1,Q52=0,R52=0),1,0) -> 0 | T52: =IF(AND(P52=1,OR(G52="own_leader",I52="own_leader",K52="own_leader")),1,0) -> 0
A53: 52 | B53: 1030 | C53: DE_afd.bund | D53: DE | E53: 45700 | F53: 0 | G53: individual | H53: wholesome | M53: TRUE | P53: =IF(F53=0,1,0) -> 1 | Q53: =IF(AND(P53=1,OR(ISNUMBER(MATCH(H53,{"menace","othering","ridicule","blame","victim"},0)),ISNUMBER(MATCH(J53,{"menace","othering","ridicule","blame","victim"},0)),ISNUMBER(MATCH(L53,{"menace","othering","ridicule","blame","victim"},0)))),1,0) -> 0 | R53: =IF(AND(P53=1,Q53=0,OR(ISNUMBER(MATCH(H53,{"wholesome","heroic"},0)),ISNUMBER(MATCH(J53,{"wholesome","heroic"},0)),ISNUMBER(MATCH(L53,{"wholesome","heroic"},0)))),1,0) -> 1 | S53: =IF(AND(P53=1,Q53=0,R53=0),1,0) -> 0 | T53: =IF(AND(P53=1,OR(G53="own_leader",I53="own_leader",K53="own_leader")),1,0) -> 0
A54: 53 | B54: 1033 | C54: DE_afd.bund | D54: DE | E54: 45701 | F54: 0 | G54: individual | H54: wholesome | M54: TRUE | P54: =IF(F54=0,1,0) -> 1 | Q54: =IF(AND(P54=1,OR(ISNUMBER(MATCH(H54,{"menace","othering","ridicule","blame","victim"},0)),ISNUMBER(MATCH(J54,{"menace","othering","ridicule","blame","victim"},0)),ISNUMBER(MATCH(L54,{"menace","othering","ridicule","blame","victim"},0)))),1,0) -> 0 | R54: =IF(AND(P54=1,Q54=0,OR(ISNUMBER(MATCH(H54,{"wholesome","heroic"},0)),ISNUMBER(MATCH(J54,{"wholesome","heroic"},0)),ISNUMBER(MATCH(L54,{"wholesome","heroic"},0)))),1,0) -> 1 | S54: =IF(AND(P54=1,Q54=0,R54=0),1,0) -> 0 | T54: =IF(AND(P54=1,OR(G54="own_leader",I54="own_leader",K54="own_leader")),1,0) -> 0
A55: 54 | B55: 1036 | C55: DE_afd.bund | D55: DE | E55: 45703 | F55: 0 | G55: individual | H55: wholesome | M55: TRUE | P55: =IF(F55=0,1,0) -> 1 | Q55: =IF(AND(P55=1,OR(ISNUMBER(MATCH(H55,{"menace","othering","ridicule","blame","victim"},0)),ISNUMBER(MATCH(J55,{"menace","othering","ridicule","blame","victim"},0)),ISNUMBER(MATCH(L55,{"menace","othering","ridicule","blame","victim"},0)))),1,0) -> 0 | R55: =IF(AND(P55=1,Q55=0,OR(ISNUMBER(MATCH(H55,{"wholesome","heroic"},0)),ISNUMBER(MATCH(J55,{"wholesome","heroic"},0)),ISNUMBER(MATCH(L55,{"wholesome","heroic"},0)))),1,0) -> 1 | S55: =IF(AND(P55=1,Q55=0,R55=0),1,0) -> 0 | T55: =IF(AND(P55=1,OR(G55="own_leader",I55="own_leader",K55="own_leader")),1,0) -> 0
A56: 55 | B56: 1037 | C56: DE_afd.bund | D56: DE | E56: 45704 | F56: 0 | G56: individual | H56: wholesome | M56: TRUE | P56: =IF(F56=0,1,0) -> 1 | Q56: =IF(AND(P56=1,OR(ISNUMBER(MATCH(H56,{"menace","othering","ridicule","blame","victim"},0)),ISNUMBER(MATCH(J56,{"menace","othering","ridicule","blame","victim"},0)),ISNUMBER(MATCH(L56,{"menace","othering","ridicule","blame","victim"},0)))),1,0) -> 0 | R56: =IF(AND(P56=1,Q56=0,OR(ISNUMBER(MATCH(H56,{"wholesome","heroic"},0)),ISNUMBER(MATCH(J56,{"wholesome","heroic"},0)),ISNUMBER(MATCH(L56,{"wholesome","heroic"},0)))),1,0) -> 1 | S56: =IF(AND(P56=1,Q56=0,R56=0),1,0) -> 0 | T56: =IF(AND(P56=1,OR(G56="own_leader",I56="own_leader",K56="own_leader")),1,0) -> 0
A57: 56 | B57: 1042 | C57: DE_afd.bund | D57: DE | E57: 45706 | F57: 0 | G57: individual | H57: wholesome | M57: TRUE | P57: =IF(F57=0,1,0) -> 1 | Q57: =IF(AND(P57=1,OR(ISNUMBER(MATCH(H57,{"menace","othering","ridicule","blame","victim"},0)),ISNUMBER(MATCH(J57,{"menace","othering","ridicule","blame","victim"},0)),ISNUMBER(MATCH(L57,{"menace","othering","ridicule","blame","victim"},0)))),1,0) -> 0 | R57: =IF(AND(P57=1,Q57=0,OR(ISNUMBER(MATCH(H57,{"wholesome","heroic"},0)),ISNUMBER(MATCH(J57,{"wholesome","heroic"},0)),ISNUMBER(MATCH(L57,{"wholesome","heroic"},0)))),1,0) -> 1 | S57: =IF(AND(P57=1,Q57=0,R57=0),1,0) -> 0 | T57: =IF(AND(P57=1,OR(G57="own_leader",I57="own_leader",K57="own_leader")),1,0) -> 0
A58: 57 | B58: 1043 | C58: DE_afd.bund | D58: DE | E58: 45707 | F58: 0 | G58: mass | H58: menace | M58: TRUE | P58: =IF(F58=0,1,0) -> 1 | Q58: =IF(AND(P58=1,OR(ISNUMBER(MATCH(H58,{"menace","othering","ridicule","blame","victim"},0)),ISNUMBER(MATCH(J58,{"menace","othering","ridicule","blame","victim"},0)),ISNUMBER(MATCH(L58,{"menace","othering","ridicule","blame","victim"},0)))),1,0) -> 1 | R58: =IF(AND(P58=1,Q58=0,OR(ISNUMBER(MATCH(H58,{"wholesome","heroic"},0)),ISNUMBER(MATCH(J58,{"wholesome","heroic"},0)),ISNUMBER(MATCH(L58,{"wholesome","heroic"},0)))),1,0) -> 0 | S58: =IF(AND(P58=1,Q58=0,R58=0),1,0) -> 0 | T58: =IF(AND(P58=1,OR(G58="own_leader",I58="own_leader",K58="own_leader")),1,0) -> 0
A59: 58 | B59: 1050 | C59: DE_afd.bund | D59: DE | E59: 45709 | F59: 0 | G59: individual | H59: none | M59: TRUE | P59: =IF(F59=0,1,0) -> 1 | Q59: =IF(AND(P59=1,OR(ISNUMBER(MATCH(H59,{"menace","othering","ridicule","blame","victim"},0)),ISNUMBER(MATCH(J59,{"menace","othering","ridicule","blame","victim"},0)),ISNUMBER(MATCH(L59,{"menace","othering","ridicule","blame","victim"},0)))),1,0) -> 0 | R59: =IF(AND(P59=1,Q59=0,OR(ISNUMBER(MATCH(H59,{"wholesome","heroic"},0)),ISNUMBER(MATCH(J59,{"wholesome","heroic"},0)),ISNUMBER(MATCH(L59,{"wholesome","heroic"},0)))),1,0) -> 0 | S59: =IF(AND(P59=1,Q59=0,R59=0),1,0) -> 1 | T59: =IF(AND(P59=1,OR(G59="own_leader",I59="own_leader",K59="own_leader")),1,0) -> 0
A60: 59 | B60: 1051 | C60: DE_afd.bund | D60: DE | E60: 45710 | F60: 0 | G60: individual | H60: wholesome | M60: TRUE | P60: =IF(F60=0,1,0) -> 1 | Q60: =IF(AND(P60=1,OR(ISNUMBER(MATCH(H60,{"menace","othering","ridicule","blame","victim"},0)),ISNUMBER(MATCH(J60,{"menace","othering","ridicule","blame","victim"},0)),ISNUMBER(MATCH(L60,{"menace","othering","ridicule","blame","victim"},0)))),1,0) -> 0 | R60: =IF(AND(P60=1,Q60=0,OR(ISNUMBER(MATCH(H60,{"wholesome","heroic"},0)),ISNUMBER(MATCH(J60,{"wholesome","heroic"},0)),ISNUMBER(MATCH(L60,{"wholesome","heroic"},0)))),1,0) -> 1 | S60: =IF(AND(P60=1,Q60=0,R60=0),1,0) -> 0 | T60: =IF(AND(P60=1,OR(G60="own_leader",I60="own_leader",K60="own_leader")),1,0) -> 0
A61: 60 | B61: 1071 | C61: DE_alice.weidel | D61: DE | E61: 45627 | F61: 1 | P61: =IF(F61=0,1,0) -> 0 | Q61: =IF(AND(P61=1,OR(ISNUMBER(MATCH(H61,{"menace","othering","ridicule","blame","victim"},0)),ISNUMBER(MATCH(J61,{"menace","othering","ridicule","blame","victim"},0)),ISNUMBER(MATCH(L61,{"menace","othering","ridicule","blame","victim"},0)))),1,0) -> 0 | R61: =IF(AND(P61=1,Q61=0,OR(ISNUMBER(MATCH(H61,{"wholesome","heroic"},0)),ISNUMBER(MATCH(J61,{"wholesome","heroic"},0)),ISNUMBER(MATCH(L61,{"wholesome","heroic"},0)))),1,0) -> 0 | S61: =IF(AND(P61=1,Q61=0,R61=0),1,0) -> 0 | T61: =IF(AND(P61=1,OR(G61="own_leader",I61="own_leader",K61="own_leader")),1,0) -> 0
A62: 61 | B62: 1073 | C62: DE_alice.weidel | D62: DE | E62: 45628 | F62: 1 | P62: =IF(F62=0,1,0) -> 0 | Q62: =IF(AND(P62=1,OR(ISNUMBER(MATCH(H62,{"menace","othering","ridicule","blame","victim"},0)),ISNUMBER(MATCH(J62,{"menace","othering","ridicule","blame","victim"},0)),ISNUMBER(MATCH(L62,{"menace","othering","ridicule","blame","victim"},0)))),1,0) -> 0 | R62: =IF(AND(P62=1,Q62=0,OR(ISNUMBER(MATCH(H62,{"wholesome","heroic"},0)),ISNUMBER(MATCH(J62,{"wholesome","heroic"},0)),ISNUMBER(MATCH(L62,{"wholesome","heroic"},0)))),1,0) -> 0 | S62: =IF(AND(P62=1,Q62=0,R62=0),1,0) -> 0 | T62: =IF(AND(P62=1,OR(G62="own_leader",I62="own_leader",K62="own_leader")),1,0) -> 0
A63: 62 | B63: 1074 | C63: DE_alice.weidel | D63: DE | E63: 45629 | F63: 1 | P63: =IF(F63=0,1,0) -> 0 | Q63: =IF(AND(P63=1,OR(ISNUMBER(MATCH(H63,{"menace","othering","ridicule","blame","victim"},0)),ISNUMBER(MATCH(J63,{"menace","othering","ridicule","blame","victim"},0)),ISNUMBER(MATCH(L63,{"menace","othering","ridicule","blame","victim"},0)))),1,0) -> 0 | R63: =IF(AND(P63=1,Q63=0,OR(ISNUMBER(MATCH(H63,{"wholesome","heroic"},0)),ISNUMBER(MATCH(J63,{"wholesome","heroic"},0)),ISNUMBER(MATCH(L63,{"wholesome","heroic"},0)))),1,0) -> 0 | S63: =IF(AND(P63=1,Q63=0,R63=0),1,0) -> 0 | T63: =IF(AND(P63=1,OR(G63="own_leader",I63="own_leader",K63="own_leader")),1,0) -> 0
A64: 63 | B64: 1076 | C64: DE_alice.weidel | D64: DE | E64: 45630 | F64: 1 | P64: =IF(F64=0,1,0) -> 0 | Q64: =IF(AND(P64=1,OR(ISNUMBER(MATCH(H64,{"menace","othering","ridicule","blame","victim"},0)),ISNUMBER(MATCH(J64,{"menace","othering","ridicule","blame","victim"},0)),ISNUMBER(MATCH(L64,{"menace","othering","ridicule","blame","victim"},0)))),1,0) -> 0 | R64: =IF(AND(P64=1,Q64=0,OR(ISNUMBER(MATCH(H64,{"wholesome","heroic"},0)),ISNUMBER(MATCH(J64,{"wholesome","heroic"},0)),ISNUMBER(MATCH(L64,{"wholesome","heroic"},0)))),1,0) -> 0 | S64: =IF(AND(P64=1,Q64=0,R64=0),1,0) -> 0 | T64: =IF(AND(P64=1,OR(G64="own_leader",I64="own_leader",K64="own_leader")),1,0) -> 0
A65: 64 | B65: 1077 | C65: DE_alice.weidel | D65: DE | E65: 45631 | F65: 1 | P65: =IF(F65=0,1,0) -> 0 | Q65: =IF(AND(P65=1,OR(ISNUMBER(MATCH(H65,{"menace","othering","ridicule","blame","victim"},0)),ISNUMBER(MATCH(J65,{"menace","othering","ridicule","blame","victim"},0)),ISNUMBER(MATCH(L65,{"menace","othering","ridicule","blame","victim"},0)))),1,0) -> 0 | R65: =IF(AND(P65=1,Q65=0,OR(ISNUMBER(MATCH(H65,{"wholesome","heroic"},0)),ISNUMBER(MATCH(J65,{"wholesome","heroic"},0)),ISNUMBER(MATCH(L65,{"wholesome","heroic"},0)))),1,0) -> 0 | S65: =IF(AND(P65=1,Q65=0,R65=0),1,0) -> 0 | T65: =IF(AND(P65=1,OR(G65="own_leader",I65="own_leader",K65="own_leader")),1,0) -> 0
A66: 65 | B66: 1080 | C66: DE_alice.weidel | D66: DE | E66: 45632 | F66: 1 | P66: =IF(F66=0,1,0) -> 0 | Q66: =IF(AND(P66=1,OR(ISNUMBER(MATCH(H66,{"menace","othering","ridicule","blame","victim"},0)),ISNUMBER(MATCH(J66,{"menace","othering","ridicule","blame","victim"},0)),ISNUMBER(MATCH(L66,{"menace","othering","ridicule","blame","victim"},0)))),1,0) -> 0 | R66: =IF(AND(P66=1,Q66=0,OR(ISNUMBER(MATCH(H66,{"wholesome","heroic"},0)),ISNUMBER(MATCH(J66,{"wholesome","heroic"},0)),ISNUMBER(MATCH(L66,{"wholesome","heroic"},0)))),1,0) -> 0 | S66: =IF(AND(P66=1,Q66=0,R66=0),1,0) -> 0 | T66: =IF(AND(P66=1,OR(G66="own_leader",I66="own_leader",K66="own_leader")),1,0) -> 0
A67: 66 | B67: 1082 | C67: DE_alice.weidel | D67: DE | E67: 45633 | F67: 1 | P67: =IF(F67=0,1,0) -> 0 | Q67: =IF(AND(P67=1,OR(ISNUMBER(MATCH(H67,{"menace","othering","ridicule","blame","victim"},0)),ISNUMBER(MATCH(J67,{"menace","othering","ridicule","blame","victim"},0)),ISNUMBER(MATCH(L67,{"menace","othering","ridicule","blame","victim"},0)))),1,0) -> 0 | R67: =IF(AND(P67=1,Q67=0,OR(ISNUMBER(MATCH(H67,{"wholesome","heroic"},0)),ISNUMBER(MATCH(J67,{"wholesome","heroic"},0)),ISNUMBER(MATCH(L67,{"wholesome","heroic"},0)))),1,0) -> 0 | S67: =IF(AND(P67=1,Q67=0,R67=0),1,0) -> 0 | T67: =IF(AND(P67=1,OR(G67="own_leader",I67="own_leader",K67="own_leader")),1,0) -> 0
A68: 67 | B68: 1087 | C68: DE_alice.weidel | D68: DE | E68: 45634 | F68: 1 | P68: =IF(F68=0,1,0) -> 0 | Q68: =IF(AND(P68=1,OR(ISNUMBER(MATCH(H68,{"menace","othering","ridicule","blame","victim"},0)),ISNUMBER(MATCH(J68,{"menace","othering","ridicule","blame","victim"},0)),ISNUMBER(MATCH(L68,{"menace","othering","ridicule","blame","victim"},0)))),1,0) -> 0 | R68: =IF(AND(P68=1,Q68=0,OR(ISNUMBER(MATCH(H68,{"wholesome","heroic"},0)),ISNUMBER(MATCH(J68,{"wholesome","heroic"},0)),ISNUMBER(MATCH(L68,{"wholesome","heroic"},0)))),1,0) -> 0 | S68: =IF(AND(P68=1,Q68=0,R68=0),1,0) -> 0 | T68: =IF(AND(P68=1,OR(G68="own_leader",I68="own_leader",K68="own_leader")),1,0) -> 0
A69: 68 | B69: 1091 | C69: DE_alice.weidel | D69: DE | E69: 45635 | F69: 1 | P69: =IF(F69=0,1,0) -> 0 | Q69: =IF(AND(P69=1,OR(ISNUMBER(MATCH(H69,{"menace","othering","ridicule","blame","victim"},0)),ISNUMBER(MATCH(J69,{"menace","othering","ridicule","blame","victim"},0)),ISNUMBER(MATCH(L69,{"menace","othering","ridicule","blame","victim"},0)))),1,0) -> 0 | R69: =IF(AND(P69=1,Q69=0,OR(ISNUMBER(MATCH(H69,{"wholesome","heroic"},0)),ISNUMBER(MATCH(J69,{"wholesome","heroic"},0)),ISNUMBER(MATCH(L69,{"wholesome","heroic"},0)))),1,0) -> 0 | S69: =IF(AND(P69=1,Q69=0,R69=0),1,0) -> 0 | T69: =IF(AND(P69=1,OR(G69="own_leader",I69="own_leader",K69="own_leader")),1,0) -> 0
A70: 69 | B70: 1095 | C70: DE_alice.weidel | D70: DE | E70: 45638 | F70: 1 | P70: =IF(F70=0,1,0) -> 0 | Q70: =IF(AND(P70=1,OR(ISNUMBER(MATCH(H70,{"menace","othering","ridicule","blame","victim"},0)),ISNUMBER(MATCH(J70,{"menace","othering","ridicule","blame","victim"},0)),ISNUMBER(MATCH(L70,{"menace","othering","ridicule","blame","victim"},0)))),1,0) -> 0 | R70: =IF(AND(P70=1,Q70=0,OR(ISNUMBER(MATCH(H70,{"wholesome","heroic"},0)),ISNUMBER(MATCH(J70,{"wholesome","heroic"},0)),ISNUMBER(MATCH(L70,{"wholesome","heroic"},0)))),1,0) -> 0 | S70: =IF(AND(P70=1,Q70=0,R70=0),1,0) -> 0 | T70: =IF(AND(P70=1,OR(G70="own_leader",I70="own_leader",K70="own_leader")),1,0) -> 0
A71: 70 | B71: 1096 | C71: DE_alice.weidel | D71: DE | E71: 45638 | F71: 1 | P71: =IF(F71=0,1,0) -> 0 | Q71: =IF(AND(P71=1,OR(ISNUMBER(MATCH(H71,{"menace","othering","ridicule","blame","victim"},0)),ISNUMBER(MATCH(J71,{"menace","othering","ridicule","blame","victim"},0)),ISNUMBER(MATCH(L71,{"menace","othering","ridicule","blame","victim"},0)))),1,0) -> 0 | R71: =IF(AND(P71=1,Q71=0,OR(ISNUMBER(MATCH(H71,{"wholesome","heroic"},0)),ISNUMBER(MATCH(J71,{"wholesome","heroic"},0)),ISNUMBER(MATCH(L71,{"wholesome","heroic"},0)))),1,0) -> 0 | S71: =IF(AND(P71=1,Q71=0,R71=0),1,0) -> 0 | T71: =IF(AND(P71=1,OR(G71="own_leader",I71="own_leader",K71="own_leader")),1,0) -> 0
A72: 71 | B72: 1099 | C72: DE_alice.weidel | D72: DE | E72: 45638 | F72: 1 | P72: =IF(F72=0,1,0) -> 0 | Q72: =IF(AND(P72=1,OR(ISNUMBER(MATCH(H72,{"menace","othering","ridicule","blame","victim"},0)),ISNUMBER(MATCH(J72,{"menace","othering","ridicule","blame","victim"},0)),ISNUMBER(MATCH(L72,{"menace","othering","ridicule","blame","victim"},0)))),1,0) -> 0 | R72: =IF(AND(P72=1,Q72=0,OR(ISNUMBER(MATCH(H72,{"wholesome","heroic"},0)),ISNUMBER(MATCH(J72,{"wholesome","heroic"},0)),ISNUMBER(MATCH(L72,{"wholesome","heroic"},0)))),1,0) -> 0 | S72: =IF(AND(P72=1,Q72=0,R72=0),1,0) -> 0 | T72: =IF(AND(P72=1,OR(G72="own_leader",I72="own_leader",K72="own_leader")),1,0) -> 0
A73: 72 | B73: 1101 | C73: DE_alice.weidel | D73: DE | E73: 45639 | F73: 1 | P73: =IF(F73=0,1,0) -> 0 | Q73: =IF(AND(P73=1,OR(ISNUMBER(MATCH(H73,{"menace","othering","ridicule","blame","victim"},0)),ISNUMBER(MATCH(J73,{"menace","othering","ridicule","blame","victim"},0)),ISNUMBER(MATCH(L73,{"menace","othering","ridicule","blame","victim"},0)))),1,0) -> 0 | R73: =IF(AND(P73=1,Q73=0,OR(ISNUMBER(MATCH(H73,{"wholesome","heroic"},0)),ISNUMBER(MATCH(J73,{"wholesome","heroic"},0)),ISNUMBER(MATCH(L73,{"wholesome","heroic"},0)))),1,0) -> 0 | S73: =IF(AND(P73=1,Q73=0,R73=0),1,0) -> 0 | T73: =IF(AND(P73=1,OR(G73="own_leader",I73="own_leader",K73="own_leader")),1,0) -> 0
A74: 73 | B74: 1169 | C74: DE_alice.weidel | D74: DE | E74: 45663 | F74: 0 | G74: individual | H74: wholesome | I74: object | J74: wholesome | K74: mass | L74: menace | M74: TRUE | N74: TRUE | O74: TRUE | P74: =IF(F74=0,1,0) -> 1 | Q74: =IF(AND(P74=1,OR(ISNUMBER(MATCH(H74,{"menace","othering","ridicule","blame","victim"},0)),ISNUMBER(MATCH(J74,{"menace","othering","ridicule","blame","victim"},0)),ISNUMBER(MATCH(L74,{"menace","othering","ridicule","blame","victim"},0)))),1,0) -> 1 | R74: =IF(AND(P74=1,Q74=0,OR(ISNUMBER(MATCH(H74,{"wholesome","heroic"},0)),ISNUMBER(MATCH(J74,{"wholesome","heroic"},0)),ISNUMBER(MATCH(L74,{"wholesome","heroic"},0)))),1,0) -> 0 | S74: =IF(AND(P74=1,Q74=0,R74=0),1,0) -> 0 | T74: =IF(AND(P74=1,OR(G74="own_leader",I74="own_leader",K74="own_leader")),1,0) -> 0
A75: 74 | B75: 1173 | C75: DE_alice.weidel | D75: DE | E75: 45664 | F75: 0 | G75: place | H75: wholesome | I75: individual | J75: wholesome | K75: object | L75: none | M75: TRUE | N75: TRUE | O75: TRUE | P75: =IF(F75=0,1,0) -> 1 | Q75: =IF(AND(P75=1,OR(ISNUMBER(MATCH(H75,{"menace","othering","ridicule","blame","victim"},0)),ISNUMBER(MATCH(J75,{"menace","othering","ridicule","blame","victim"},0)),ISNUMBER(MATCH(L75,{"menace","othering","ridicule","blame","victim"},0)))),1,0) -> 0 | R75: =IF(AND(P75=1,Q75=0,OR(ISNUMBER(MATCH(H75,{"wholesome","heroic"},0)),ISNUMBER(MATCH(J75,{"wholesome","heroic"},0)),ISNUMBER(MATCH(L75,{"wholesome","heroic"},0)))),1,0) -> 1 | S75: =IF(AND(P75=1,Q75=0,R75=0),1,0) -> 0 | T75: =IF(AND(P75=1,OR(G75="own_leader",I75="own_leader",K75="own_leader")),1,0) -> 0
A76: 75 | B76: 1178 | C76: DE_alice.weidel | D76: DE | E76: 45665 | F76: 0 | G76: individual | H76: heroic | M76: TRUE | P76: =IF(F76=0,1,0) -> 1 | Q76: =IF(AND(P76=1,OR(ISNUMBER(MATCH(H76,{"menace","othering","ridicule","blame","victim"},0)),ISNUMBER(MATCH(J76,{"menace","othering","ridicule","blame","victim"},0)),ISNUMBER(MATCH(L76,{"menace","othering","ridicule","blame","victim"},0)))),1,0) -> 0 | R76: =IF(AND(P76=1,Q76=0,OR(ISNUMBER(MATCH(H76,{"wholesome","heroic"},0)),ISNUMBER(MATCH(J76,{"wholesome","heroic"},0)),ISNUMBER(MATCH(L76,{"wholesome","heroic"},0)))),1,0) -> 1 | S76: =IF(AND(P76=1,Q76=0,R76=0),1,0) -> 0 | T76: =IF(AND(P76=1,OR(G76="own_leader",I76="own_leader",K76="own_leader")),1,0) -> 0
A77: 76 | B77: 1181 | C77: DE_alice.weidel | D77: DE | E77: 45666 | F77: 0 | G77: individual | H77: wholesome | M77: TRUE | P77: =IF(F77=0,1,0) -> 1 | Q77: =IF(AND(P77=1,OR(ISNUMBER(MATCH(H77,{"menace","othering","ridicule","blame","victim"},0)),ISNUMBER(MATCH(J77,{"menace","othering","ridicule","blame","victim"},0)),ISNUMBER(MATCH(L77,{"menace","othering","ridicule","blame","victim"},0)))),1,0) -> 0 | R77: =IF(AND(P77=1,Q77=0,OR(ISNUMBER(MATCH(H77,{"wholesome","heroic"},0)),ISNUMBER(MATCH(J77,{"wholesome","heroic"},0)),ISNUMBER(MATCH(L77,{"wholesome","heroic"},0)))),1,0) -> 1 | S77: =IF(AND(P77=1,Q77=0,R77=0),1,0) -> 0 | T77: =IF(AND(P77=1,OR(G77="own_leader",I77="own_leader",K77="own_leader")),1,0) -> 0
A78: 77 | B78: 1190 | C78: DE_alice.weidel | D78: DE | E78: 45668 | F78: 0 | G78: individual | H78: wholesome | M78: TRUE | P78: =IF(F78=0,1,0) -> 1 | Q78: =IF(AND(P78=1,OR(ISNUMBER(MATCH(H78,{"menace","othering","ridicule","blame","victim"},0)),ISNUMBER(MATCH(J78,{"menace","othering","ridicule","blame","victim"},0)),ISNUMBER(MATCH(L78,{"menace","othering","ridicule","blame","victim"},0)))),1,0) -> 0 | R78: =IF(AND(P78=1,Q78=0,OR(ISNUMBER(MATCH(H78,{"wholesome","heroic"},0)),ISNUMBER(MATCH(J78,{"wholesome","heroic"},0)),ISNUMBER(MATCH(L78,{"wholesome","heroic"},0)))),1,0) -> 1 | S78: =IF(AND(P78=1,Q78=0,R78=0),1,0) -> 0 | T78: =IF(AND(P78=1,OR(G78="own_leader",I78="own_leader",K78="own_leader")),1,0) -> 0
A79: 78 | B79: 1204 | C79: DE_alice.weidel | D79: DE | E79: 45669 | F79: 0 | G79: individual | H79: wholesome | M79: TRUE | P79: =IF(F79=0,1,0) -> 1 | Q79: =IF(AND(P79=1,OR(ISNUMBER(MATCH(H79,{"menace","othering","ridicule","blame","victim"},0)),ISNUMBER(MATCH(J79,{"menace","othering","ridicule","blame","victim"},0)),ISNUMBER(MATCH(L79,{"menace","othering","ridicule","blame","victim"},0)))),1,0) -> 0 | R79: =IF(AND(P79=1,Q79=0,OR(ISNUMBER(MATCH(H79,{"wholesome","heroic"},0)),ISNUMBER(MATCH(J79,{"wholesome","heroic"},0)),ISNUMBER(MATCH(L79,{"wholesome","heroic"},0)))),1,0) -> 1 | S79: =IF(AND(P79=1,Q79=0,R79=0),1,0) -> 0 | T79: =IF(AND(P79=1,OR(G79="own_leader",I79="own_leader",K79="own_leader")),1,0) -> 0
A80: 79 | B80: 1205 | C80: DE_alice.weidel | D80: DE | E80: 45670 | F80: 0 | G80: individual | H80: wholesome | M80: TRUE | P80: =IF(F80=0,1,0) -> 1 | Q80: =IF(AND(P80=1,OR(ISNUMBER(MATCH(H80,{"menace","othering","ridicule","blame","victim"},0)),ISNUMBER(MATCH(J80,{"menace","othering","ridicule","blame","victim"},0)),ISNUMBER(MATCH(L80,{"menace","othering","ridicule","blame","victim"},0)))),1,0) -> 0 | R80: =IF(AND(P80=1,Q80=0,OR(ISNUMBER(MATCH(H80,{"wholesome","heroic"},0)),ISNUMBER(MATCH(J80,{"wholesome","heroic"},0)),ISNUMBER(MATCH(L80,{"wholesome","heroic"},0)))),1,0) -> 1 | S80: =IF(AND(P80=1,Q80=0,R80=0),1,0) -> 0 | T80: =IF(AND(P80=1,OR(G80="own_leader",I80="own_leader",K80="own_leader")),1,0) -> 0
